date,close,pe_dig,pe_band_lo,pe_band_hi
2019-10-31,11877.4500,18.7368,18.7230,18.7506
2019-11-01,11890.6000,18.6895,18.6285,18.7506
2019-11-04,11941.3000,18.6541,18.5734,18.7348
2019-11-05,11917.2000,18.6147,18.5104,18.7191
2019-11-06,11966.0500,18.5951,18.4868,18.7033
2019-11-07,12012.0500,18.5872,18.4710,18.7033
2019-11-08,11908.1500,18.5793,18.4632,18.6954
2019-11-11,11913.4500,18.4139,18.3451,18.4828
2019-11-13,11840.4500,18.4061,18.3372,18.4750
2019-11-14,11872.1000,18.4100,18.3451,18.4750
2019-11-15,11895.4500,18.4218,18.3608,18.4828
2019-11-18,11884.5000,18.4769,18.4002,18.5537
2019-11-19,11940.1000,18.4848,18.4080,18.5616
2019-11-20,11999.1000,18.4888,18.4080,18.5695
2019-11-21,11968.4000,18.5124,18.4080,18.6167
2019-11-22,11914.4000,18.5163,18.4080,18.6246
2019-11-25,12073.7500,18.5360,18.4159,18.6561
2019-11-26,12037.7000,18.5478,18.4317,18.6639
2019-11-27,12100.7000,18.5557,18.4474,18.6639
2019-11-28,12151.1500,18.5439,18.4317,18.6561
2019-11-29,12056.0500,18.5321,18.4159,18.6482
2019-12-02,12048.2000,18.3706,18.2427,18.4986
2019-12-03,11994.2000,18.3352,18.1954,18.4750
2019-12-04,12043.2000,18.3076,18.1718,18.4435
2019-12-05,12018.4000,18.2880,18.1639,18.4120
2019-12-06,11921.5000,18.2565,18.1246,18.3884
2019-12-09,11937.5000,18.1699,18.0301,18.3096
2019-12-10,11856.8000,18.1738,18.0301,18.3175
2019-12-11,11910.1500,18.1777,18.0301,18.3254
2019-12-12,11971.8000,18.1974,18.0537,18.3411
2019-12-13,12086.7000,18.2132,18.0695,18.3569
2019-12-16,12053.9500,18.4061,18.2584,18.5537
2019-12-17,12165.0000,18.4139,18.2663,18.5616
2019-12-18,12221.6500,18.4218,18.2821,18.5616
2019-12-19,12259.7000,18.4612,18.3608,18.5616
2019-12-20,12271.8000,18.4612,18.3608,18.5616
2019-12-23,12262.7500,18.4218,18.3057,18.5380
2019-12-24,12214.5500,18.4179,18.3057,18.5301
2019-12-26,12126.5500,18.3706,18.2899,18.4514
2019-12-27,12245.8000,18.3549,18.2899,18.4199
2019-12-30,12255.8500,18.3391,18.2742,18.4041
2019-12-31,12168.4500,18.3313,18.2584,18.4041
2020-01-01,12182.5000,18.3273,18.2506,18.4041
2020-01-02,12282.2000,18.2762,18.1482,18.4041
2020-01-03,12226.6500,18.1580,17.9199,18.3962
2020-01-06,11993.0500,18.0675,17.8490,18.2860
2020-01-07,12052.9500,18.0517,17.8490,18.2545
2020-01-08,12025.3500,18.0439,17.8490,18.2388
2020-01-09,12215.9000,18.0360,17.8490,18.2230
2020-01-10,12256.8000,18.0439,17.8647,18.2230
2020-01-13,12329.5500,18.1895,18.1403,18.2388
2020-01-14,12362.3000,18.1974,18.1482,18.2466
2020-01-15,12343.3000,18.2014,18.1482,18.2545
2020-01-16,12355.5000,18.1935,18.1325,18.2545
2020-01-17,12352.3500,18.1423,18.0222,18.2624
2020-01-20,12224.5500,18.0872,17.9199,18.2545
2020-01-21,12169.8500,18.0832,17.9199,18.2466
2020-01-22,12106.9000,18.0124,17.9041,18.1206
2020-01-23,12180.3500,18.0045,17.8962,18.1128
2020-01-24,12248.2500,17.9494,17.7939,18.1049
2020-01-27,12119.0000,17.8234,17.5576,18.0891
2020-01-28,12055.8000,17.6108,17.1561,18.0655
2020-01-29,12129.5000,17.5242,17.1167,17.9317
2020-01-30,12035.8000,17.4809,17.1088,17.8529
2020-01-31,11962.1000,17.4651,17.1010,17.8293
2020-02-03,11707.9000,17.4651,17.1325,17.7978
2020-02-04,11979.6500,17.4691,17.1403,17.7978
2020-02-05,12089.1500,17.5478,17.2899,17.8057
2020-02-06,12137.9500,17.6817,17.5655,17.7978
2020-02-07,12098.3500,17.7210,17.6443,17.7978
2020-02-10,12031.5000,17.6856,17.6128,17.7584
2020-02-11,12107.9000,17.6620,17.5655,17.7584
2020-02-12,12201.2000,17.6502,17.5498,17.7506
2020-02-13,12174.6500,17.6069,17.4868,17.7269
2020-02-14,12113.4500,17.5242,17.4238,17.6246
2020-02-17,12045.8000,17.4809,17.3923,17.5695
2020-02-18,11992.5000,17.4809,17.3923,17.5695
2020-02-19,12125.9000,17.4730,17.3765,17.5695
2020-02-20,12080.8500,17.3903,17.2112,17.5695
2020-02-24,11829.4000,16.8943,16.3293,17.4592
2020-02-25,11797.9000,16.8706,16.2978,17.4435
2020-02-26,11678.5000,16.7880,16.2821,17.2939
2020-02-27,11633.3000,16.6147,16.1797,17.0498
2020-02-28,11201.7500,16.5754,16.1639,16.9868
2020-03-02,11132.7500,16.2250,16.0458,16.4041
2020-03-03,11303.3000,16.1935,15.9907,16.3962
2020-03-04,11251.0000,16.1738,15.9671,16.3805
2020-03-05,11269.0000,16.0517,15.7309,16.3726
2020-03-06,10989.4500,15.8391,15.3214,16.3569
2020-03-09,10451.4500,15.0714,14.0852,16.0576
2020-03-11,10458.4000,14.8667,14.0695,15.6639
2020-03-12,9590.1500,14.4730,13.6521,15.2939
2020-03-13,9955.2000,14.3588,13.4395,15.2781
2020-03-16,9197.4000,13.4769,12.3293,14.6246
2020-03-17,8967.0500,13.4533,12.3136,14.5931
2020-03-18,8468.8000,13.1699,12.2978,14.0419
2020-03-19,8263.4500,12.4691,11.5498,13.3884
2020-03-20,8745.4500,12.3116,11.5104,13.1128
2020-03-23,7610.2500,12.2998,11.5104,13.0891
2020-03-24,7801.0500,12.2958,11.5104,13.0813
2020-03-25,8317.8500,12.2801,11.5183,13.0419
2020-03-26,8641.4500,12.3155,11.6049,13.0262
2020-03-27,8660.2500,12.6817,12.3372,13.0262
2020-03-30,8281.1000,12.7486,12.4553,13.0419
2020-03-31,8597.7500,12.7447,12.4474,13.0419
2020-04-01,8253.8000,12.7407,12.4395,13.0419
2020-04-03,8083.8000,13.0242,12.4317,13.6167
2020-04-07,8792.2000,13.3116,12.4474,14.1758
2020-04-08,8748.7500,13.4179,12.6443,14.1915
2020-04-09,9111.9000,13.7722,13.3451,14.1994
2020-04-13,8993.8500,14.3510,14.1403,14.5616
2020-04-15,8925.3000,14.4218,14.1482,14.6954
2020-04-16,8992.8000,14.4573,14.1561,14.7584
2020-04-17,9266.7500,14.5439,14.2112,14.8765
2020-04-20,9261.8500,14.7958,14.4947,15.0970
2020-04-21,8981.4500,14.8037,14.5025,15.1049
2020-04-22,9187.3000,14.8116,14.5025,15.1206
2020-04-23,9313.9000,14.8195,14.5183,15.1206
2020-04-24,9154.4000,14.8628,14.5340,15.1915
2020-04-27,9282.3000,15.5202,14.8884,16.1521
2020-04-28,9380.9000,15.5478,14.9120,16.1836
2020-04-29,9553.3500,15.6187,15.0380,16.1994
2020-04-30,9859.9000,15.7604,15.3136,16.2073
2020-05-04,9293.5000,15.7683,15.3372,16.1994
2020-05-05,9205.6000,15.7604,15.3372,16.1836
2020-05-06,9270.9000,15.4927,15.3451,15.6403
2020-05-07,9199.0500,15.4848,15.3529,15.6167
2020-05-08,9251.5000,15.5084,15.3608,15.6561
2020-05-11,9239.2000,15.5321,15.3687,15.6954
2020-05-12,9196.5500,15.5281,15.3608,15.6954
2020-05-13,9383.5500,15.5242,15.3529,15.6954
2020-05-14,9142.7500,15.2919,14.8962,15.6876
2020-05-15,9136.8500,15.2762,14.8726,15.6797
2020-05-18,8823.2500,15.1305,14.8647,15.3962
2020-05-19,8879.1000,15.1384,14.8726,15.4041
2020-05-20,9066.5500,15.1502,14.8962,15.4041
2020-05-21,9106.2500,15.1580,14.9120,15.4041
2020-05-22,9039.2500,15.3628,15.2978,15.4277
2020-05-26,9029.0500,15.8155,15.3451,16.2860
2020-05-27,9314.9500,15.8313,15.3687,16.2939
2020-05-28,9490.1000,16.0360,15.4238,16.6482
2020-05-29,9580.3000,16.2289,15.6443,16.8136
2020-06-01,9826.1500,16.7210,16.2821,17.1600
2020-06-02,9979.1000,16.8076,16.3529,17.2624
2020-06-03,10061.5500,,-inf,17.2860
2020-06-04,10029.1000,,16.9750,inf
2020-06-05,10142.1500,,17.0537,inf
2020-06-08,10167.4500,,17.0380,inf
2020-06-09,10046.6500,,17.0301,inf
2020-06-10,10116.1500,,17.0222,inf
2020-06-11,9902.0000,,-inf,inf
2020-06-12,9972.9000,,-inf,inf
2020-06-15,9813.7000,,-inf,17.6482
2020-06-16,9914.0000,,-inf,17.7742
2020-06-17,9881.1500,,-inf,17.7821
2020-06-18,10091.6500,17.4494,17.1010,17.7978
2020-06-19,10244.4000,17.6777,17.2663,18.0891
2020-06-22,10311.2000,18.0399,17.7624,18.3175
2020-06-23,10471.0000,18.0557,17.7781,18.3332
2020-06-24,10305.3000,18.1738,17.9041,18.4435
2020-06-25,10288.9000,18.1856,17.9120,18.4592
2020-06-26,10383.0000,18.1974,17.9199,18.4750
2020-06-29,10312.4000,18.6265,18.3529,18.9002
2020-06-30,10302.1000,18.6699,18.3844,18.9553
2020-07-01,10430.0500,18.6935,18.4002,18.9868
2020-07-02,10551.7000,18.7840,18.4080,19.1600
2020-07-03,10607.3500,18.9494,18.6206,19.2781
2020-07-06,10763.6500,19.1620,18.9907,19.3332
2020-07-07,10799.6500,19.1738,19.0065,19.3411
2020-07-08,10705.7500,19.2604,19.1403,19.3805
2020-07-09,10813.4500,19.4612,19.1561,19.7663
2020-07-10,10768.0500,19.4769,19.1639,19.7899
2020-07-13,10802.7000,19.5399,19.2663,19.8136
2020-07-14,10607.3500,19.5478,19.2899,19.8057
2020-07-15,10618.2000,19.5990,19.3844,19.8136
2020-07-16,10739.9500,19.6580,19.4080,19.9080
2020-07-17,10901.7000,19.7840,19.4238,20.1443
2020-07-20,11022.2000,20.0006,19.7309,20.2702
2020-07-21,11162.2500,20.0124,19.7466,20.2781
2020-07-22,11132.6000,20.0793,19.8726,20.2860
2020-07-23,11215.4500,20.1935,20.1010,20.2860
2020-07-24,11194.1500,20.2053,20.1167,20.2939
2020-07-27,11131.8000,20.2722,20.1246,20.4199
2020-07-28,11300.5500,20.2683,20.1167,20.4199
2020-07-29,11202.8500,20.2604,20.1010,20.4199
2020-07-30,11102.1500,20.0872,19.7860,20.3884
2020-07-31,11073.4500,20.0478,19.7702,20.3254
2020-08-03,10891.6000,20.1069,19.7624,20.4514
2020-08-04,11095.2500,20.1147,19.7624,20.4671
2020-08-05,11101.6500,20.1384,19.7860,20.4907
2020-08-06,11200.1500,20.1580,19.8096,20.5065
2020-08-07,11214.0500,20.3273,20.1403,20.5143
2020-08-10,11270.1500,20.4061,20.2269,20.5852
2020-08-11,11322.5000,20.3706,20.1639,20.5773
2020-08-12,11308.4000,20.3588,20.1403,20.5773
2020-08-13,11300.4500,20.3313,20.1088,20.5537
2020-08-14,11178.4000,20.3234,20.1088,20.5380
2020-08-17,11247.1000,20.2643,20.1088,20.4199
2020-08-18,11385.3500,20.2683,20.1167,20.4199
2020-08-19,11408.4000,20.3155,20.2112,20.4199
2020-08-20,11312.2000,20.3234,20.2269,20.4199
2020-08-21,11371.6000,20.3431,20.2506,20.4356
2020-08-24,11466.4500,20.4218,20.2978,20.5458
2020-08-25,11472.2500,20.4376,20.2978,20.5773
2020-08-26,11549.6000,20.4415,20.2978,20.5852
2020-08-27,11559.2500,20.3588,20.1325,20.5852
2020-08-28,11647.6000,20.3510,20.1167,20.5852
2020-08-31,11387.5000,20.3155,20.0773,20.5537
2020-09-01,11470.2500,20.2092,19.9592,20.4592
2020-09-02,11535.0000,20.1384,19.9514,20.3254
2020-09-03,11527.4500,20.1147,19.9356,20.2939
2020-09-04,11333.8500,20.0872,19.9041,20.2702
2020-09-07,11355.0500,19.9454,19.8017,20.0891
2020-09-08,11317.3500,19.9415,19.7939,20.0891
2020-09-09,11278.0000,19.9454,19.8017,20.0891
2020-09-10,11449.2500,19.9533,19.8017,20.1049
2020-09-11,11464.4500,19.9651,19.8175,20.1128
2020-09-14,11440.0500,20.1620,20.0380,20.2860
2020-09-15,11521.8000,20.1659,20.0380,20.2939
2020-09-16,11604.5500,20.1580,20.0222,20.2939
2020-09-17,11516.1000,20.0517,19.8175,20.2860
2020-09-18,11504.9500,19.8352,19.4002,20.2702
2020-09-21,11250.5500,19.3116,18.5734,20.0498
2020-09-22,11153.6500,19.3037,18.5734,20.0340
2020-09-23,11131.8500,19.0951,18.5734,19.6167
2020-09-24,10805.5500,19.0675,18.5655,19.5695
2020-09-25,11050.2500,19.0714,18.5734,19.5695
2020-09-28,11227.5500,19.5596,19.2821,19.8372
2020-09-29,11222.4000,19.5832,19.3136,19.8529
2020-09-30,11247.5500,19.6620,19.4632,19.8608
2020-10-01,11416.9500,19.7171,19.5576,19.8765
2020-10-05,11503.3500,20.3706,19.8096,20.9317
2020-10-06,11662.4000,20.4100,19.8175,21.0025
2020-10-07,11738.8500,20.4888,19.9592,21.0183
2020-10-08,11834.6000,20.6069,20.1954,21.0183
2020-10-09,11914.2000,20.6738,20.3293,21.0183
2020-10-12,11930.9500,20.7250,20.4474,21.0025
2020-10-13,11934.5000,20.7250,20.4474,21.0025
2020-10-14,11971.0500,20.7210,20.4395,21.0025
2020-10-15,11680.3500,20.7171,20.4395,20.9947
2020-10-16,11762.4500,20.7014,20.4395,20.9632
2020-10-19,11873.0500,20.5006,20.4317,20.5695
2020-10-20,11896.8000,20.5006,20.4317,20.5695
2020-10-21,11937.6500,20.4927,20.4159,20.5695
2020-10-22,11896.4500,20.3706,20.1718,20.5695
2020-10-23,11930.3500,20.3588,20.1561,20.5616
2020-10-26,11767.7500,20.2840,20.1010,20.4671
2020-10-27,11889.4000,20.2368,20.0301,20.4435
2020-10-28,11729.6000,20.1935,19.9986,20.3884
2020-10-29,11670.8000,20.1738,19.9907,20.3569
2020-10-30,11642.4000,20.1738,19.9907,20.3569
2020-11-02,11669.1500,20.5242,20.0065,21.0419
2020-11-03,11813.5000,20.5439,20.0143,21.0734
2020-11-04,11908.5000,20.6226,20.1482,21.0970
2020-11-05,12120.3000,20.6935,20.2348,21.1521
2020-11-06,12263.5500,20.9730,20.4632,21.4828
2020-11-09,12461.0500,21.3549,21.0695,21.6403
2020-11-10,12631.1000,21.3628,21.0852,21.6403
2020-11-11,12749.1500,21.4258,21.2112,21.6403
2020-11-12,12690.8000,21.4966,21.3608,21.6325
2020-11-13,12719.9500,21.4888,21.3608,21.6167
2020-11-17,12874.2000,21.3195,21.1639,21.4750
2020-11-18,12938.2500,21.3155,21.1639,21.4671
2020-11-19,12771.7000,21.3155,21.1639,21.4671
2020-11-20,12859.0500,21.3195,21.1639,21.4750
2020-11-23,12926.4500,21.3352,21.1718,21.4986
2020-11-24,13055.1500,21.3313,21.1639,21.4986
2020-11-25,12858.4000,21.3313,21.1718,21.4907
2020-11-26,12987.0000,21.3273,21.1797,21.4750
2020-11-27,12968.9500,21.3234,21.1876,21.4592
2020-12-01,13109.0500,21.4021,21.2506,21.5537
2020-12-02,13113.7500,21.4100,21.2584,21.5616
2020-12-03,13133.9000,21.4809,21.3844,21.5773
2020-12-04,13258.5500,21.5675,21.4474,21.6876
2020-12-07,13355.7500,21.7053,21.5183,21.8923
2020-12-08,13392.9500,21.7132,21.5340,21.8923
2020-12-09,13529.1000,21.7840,21.6679,21.9002
2020-12-10,13478.3000,21.7998,21.6994,21.9002
2020-12-11,13513.8500,21.8155,21.7309,21.9002
2020-12-14,13558.1500,21.9061,21.7466,22.0655
2020-12-15,13567.8500,21.9139,21.7466,22.0813
2020-12-16,13682.7000,21.9100,21.7388,22.0813
2020-12-17,13740.7000,21.7447,21.4080,22.0813
2020-12-18,13760.5500,21.7092,21.3451,22.0734
2020-12-21,13328.4000,21.6817,21.3451,22.0183
2020-12-22,13466.3000,21.6777,21.3451,22.0104
2020-12-23,13601.1000,21.6856,21.3687,22.0025
2020-12-24,13749.2500,21.7053,21.3923,22.0183
2020-12-28,13873.2000,22.0321,21.8805,22.1836
2020-12-29,13932.6000,22.0478,21.8884,22.2073
2020-12-30,13981.9500,22.0872,21.9513,22.2230
2020-12-31,13981.7500,22.1384,21.9907,22.2860
2021-01-01,14018.5000,22.1226,21.9513,22.2939
2021-01-04,14132.9000,22.0439,21.7860,22.3017
2021-01-05,14199.5000,22.0399,21.7781,22.3017
2021-01-06,14146.2500,22.0321,21.7702,22.2939
2021-01-07,14137.3500,22.0360,21.7702,22.3017
2021-01-08,14347.2500,22.0439,21.7781,22.3096
2021-01-11,14484.7500,22.1502,21.9671,22.3332
2021-01-12,14563.4500,22.1147,21.8962,22.3332
2021-01-13,14564.8500,22.0596,21.7860,22.3332
2021-01-14,14595.6000,21.8706,21.4317,22.3096
2021-01-15,14433.7000,21.8313,21.4159,22.2466
2021-01-18,14281.3000,21.6659,21.3765,21.9553
2021-01-19,14521.1500,21.5990,21.3214,21.8765
2021-01-20,14644.7000,21.5675,21.2821,21.8529
2021-01-21,14590.3500,21.4691,21.0852,21.8529
2021-01-22,14371.9000,21.3510,20.8884,21.8136
2021-01-25,14238.9000,20.6384,20.0143,21.2624
2021-01-27,13967.5000,20.5281,19.9277,21.1285
2021-01-28,13817.5500,20.4573,19.8726,21.0419
2021-01-29,13634.6000,20.4494,19.8647,21.0340
2021-02-01,14281.2000,20.4573,19.8647,21.0498
2021-02-02,14647.8500,20.4730,19.8884,21.0576
2021-02-03,14789.9500,20.8470,20.6285,21.0655
2021-02-04,14895.6500,20.9730,20.8647,21.0813
2021-02-05,14924.2500,21.0754,20.9828,21.1679
2021-02-08,15115.8000,21.0872,20.9907,21.1836
2021-02-09,15109.3000,21.0872,20.9907,21.1836
2021-02-10,15106.5000,21.0872,20.9907,21.1836
2021-02-11,15173.3000,21.0872,20.9828,21.1915
2021-02-12,15163.3000,21.1108,20.9828,21.2388
2021-02-15,15314.7000,21.1069,20.9435,21.2702
2021-02-16,15313.4500,21.0557,20.8411,21.2702
2021-02-17,15208.9000,21.0321,20.8017,21.2624
2021-02-18,15118.9500,20.9573,20.6679,21.2466
2021-02-19,14981.7500,20.7171,20.3372,21.0970
2021-02-22,14675.7000,20.5714,20.2348,20.9080
2021-02-23,14707.8000,20.5360,20.1639,20.9080
2021-02-24,14982.0000,20.5242,20.1403,20.9080
2021-02-25,15097.3500,20.5242,20.1403,20.9080
2021-02-26,14529.1500,20.5242,20.1325,20.9159
2021-03-01,14761.5500,20.5951,20.1325,21.0576
2021-03-02,14919.1000,20.6187,20.1718,21.0655
2021-03-03,15245.6000,20.7014,20.3372,21.0655
2021-03-04,15080.7500,20.8037,20.5498,21.0576
2021-03-05,14938.1000,20.8076,20.5734,21.0419
2021-03-08,14956.2000,20.6935,20.5734,20.8136
2021-03-09,15098.4000,20.6935,20.5734,20.8136
2021-03-10,15174.8000,20.6895,20.5655,20.8136
2021-03-12,15030.9500,20.6305,20.4632,20.7978
2021-03-15,14929.5000,20.2762,19.9435,20.6088
2021-03-16,14910.4500,20.2407,19.9277,20.5537
2021-03-17,14721.3000,20.2014,19.9277,20.4750
2021-03-18,14557.8500,20.1305,19.9199,20.3411
2021-03-19,14744.0000,20.0793,19.9199,20.2388
2021-03-22,14736.4000,19.8510,19.4868,20.2151
2021-03-23,14814.7500,19.8431,19.4789,20.2073
2021-03-24,14549.4000,19.8391,19.4710,20.2073
2021-03-25,14324.9000,19.8391,19.4789,20.1994
2021-03-26,14507.3000,19.8352,19.4789,20.1915
2021-03-30,14845.1000,19.9888,19.6679,20.3096
2021-03-31,14690.7000,19.9927,19.6758,20.3096
2021-04-01,14867.3500,20.1423,19.9671,20.3175
2021-04-05,14637.8000,20.1305,19.9828,20.2781
2021-04-06,14683.5000,20.1265,19.9828,20.2702
2021-04-07,14819.0500,20.0911,19.9671,20.2151
2021-04-08,14873.8000,19.8116,19.4238,20.1994
2021-04-09,14834.8500,19.7919,19.3923,20.1915
2021-04-12,14310.8000,19.7525,19.3844,20.1206
2021-04-13,14504.8000,19.7368,19.3923,20.0813
2021-04-15,14581.4500,19.5439,19.3687,19.7191
2021-04-16,14617.8500,19.5202,19.3293,19.7112
2021-04-19,14359.4500,19.4927,19.2742,19.7112
2021-04-20,14296.4000,19.4809,19.2742,19.6876
2021-04-22,14406.1500,19.4179,19.2663,19.5695
2021-04-23,14341.3500,19.4848,19.2663,19.7033
2021-04-26,14485.0000,19.5911,19.2821,19.9002
2021-04-27,14653.0500,19.5990,19.2899,19.9080
2021-04-28,14864.5500,19.6423,19.3765,19.9080
2021-04-29,14894.9000,19.6620,19.4159,19.9080
2021-04-30,14631.1000,19.6620,19.4159,19.9080
2021-05-03,14634.1500,19.6620,19.4002,19.9238
2021-05-04,14496.5000,19.7171,19.4002,20.0340
2021-05-05,14617.8500,19.7250,19.4080,20.0419
2021-05-06,14724.8000,19.7328,19.4159,20.0498
2021-05-07,14823.1500,19.8313,19.5340,20.1285
2021-05-10,14942.3500,19.9258,19.7151,20.1364
2021-05-11,14850.7500,19.9258,19.7151,20.1364
2021-05-12,14696.5000,19.9218,19.7073,20.1364
2021-05-14,14677.8000,19.9297,19.7073,20.1521
2021-05-17,14923.1500,19.9848,19.7073,20.2624
2021-05-18,15108.1000,20.0242,19.7624,20.2860
2021-05-19,15030.1500,20.0832,19.8805,20.2860
2021-05-20,14906.0500,20.1305,19.9671,20.2939
2021-05-21,15175.3000,20.1423,19.9907,20.2939
2021-05-24,15197.7000,20.2210,20.0931,20.3490
2021-05-25,15208.4500,20.2328,20.1010,20.3647
2021-05-26,15301.4500,20.2486,20.1088,20.3884
2021-05-27,15337.8500,20.2958,20.1167,20.4750
2021-05-28,15435.6500,20.3470,20.1876,20.5065
2021-05-31,15582.8000,20.5321,20.3765,20.6876
2021-06-01,15574.8500,20.5517,20.4080,20.6954
2021-06-02,15576.2000,20.6069,20.5025,20.7112
2021-06-03,15690.3500,20.6502,20.5734,20.7269
2021-06-04,15670.2500,20.6738,20.5970,20.7506
2021-06-07,15751.6500,20.7132,20.6285,20.7978
2021-06-08,15740.1000,20.7210,20.6285,20.8136
2021-06-09,15635.3500,20.7289,20.6285,20.8293
2021-06-10,15737.7500,20.7289,20.6285,20.8293
2021-06-11,15799.3500,20.7368,20.6364,20.8372
2021-06-14,15811.8500,20.7328,20.6128,20.8529
2021-06-15,15869.2500,20.7250,20.5970,20.8529
2021-06-16,15767.5500,20.7210,20.5891,20.8529
2021-06-17,15691.4000,20.6935,20.5734,20.8136
2021-06-18,15683.3500,20.6423,20.5655,20.7191
2021-06-21,15746.5000,20.6029,20.5419,20.6639
2021-06-22,15772.7500,20.6029,20.5419,20.6639
2021-06-23,15686.9500,20.6069,20.5419,20.6718
2021-06-24,15790.4500,20.6029,20.5340,20.6718
2021-06-25,15860.3500,20.5872,20.5025,20.6718
2021-06-28,15814.7000,20.5124,20.3923,20.6325
2021-06-29,15748.4500,20.4966,20.3844,20.6088
2021-06-30,15721.5000,20.4769,20.3844,20.5695
2021-07-01,15680.0000,20.4454,20.3844,20.5065
2021-07-02,15722.2000,20.4454,20.3844,20.5065
2021-07-05,15834.3500,20.4021,20.2821,20.5222
2021-07-06,15818.2500,20.3667,20.2112,20.5222
2021-07-07,15879.6500,20.3431,20.1639,20.5222
2021-07-08,15727.9000,20.3234,20.1246,20.5222
2021-07-09,15689.8000,20.2919,20.0931,20.4907
2021-07-12,15692.6000,20.2328,20.0931,20.3726
2021-07-13,15812.3500,20.2328,20.0931,20.3726
2021-07-14,15853.9500,20.2368,20.0931,20.3805
2021-07-15,15924.2000,20.2289,20.0773,20.3805
2021-07-16,15923.4000,20.2014,20.0222,20.3805
2021-07-19,15752.4000,20.1817,19.9907,20.3726
2021-07-20,15632.1000,20.1738,19.9907,20.3569
2021-07-22,15824.0500,20.1502,19.9907,20.3096
2021-07-23,15856.0500,20.1620,20.0143,20.3096
2021-07-26,15824.4500,20.2447,20.1718,20.3175
2021-07-27,15746.4500,20.2447,20.1718,20.3175
2021-07-28,15709.4000,20.2447,20.1718,20.3175
2021-07-29,15778.4500,20.2604,20.1797,20.3411
2021-07-30,15763.0500,20.3667,20.1876,20.5458
2021-08-02,15885.1500,20.5124,20.2112,20.8136
2021-08-03,16130.7500,20.5399,20.2506,20.8293
2021-08-04,16258.8000,20.5832,20.3451,20.8214
2021-08-05,16294.6000,20.6817,20.5419,20.8214
2021-08-06,16238.2000,20.7604,20.6915,20.8293
2021-08-09,16258.2500,20.8470,20.7151,20.9789
2021-08-10,16280.1000,20.8588,20.7230,20.9947
2021-08-11,16282.2500,20.8746,20.7388,21.0104
2021-08-12,16364.4000,20.8825,20.7466,21.0183
2021-08-13,16529.1000,20.8864,20.7545,21.0183
2021-08-16,16563.0500,20.9573,20.8726,21.0419
2021-08-17,16614.6000,20.9651,20.8805,21.0498
2021-08-18,16568.8500,20.9651,20.8805,21.0498
2021-08-20,16450.5000,20.9612,20.8805,21.0419
2021-08-23,16496.4500,20.9927,20.8805,21.1049
2021-08-24,16624.6000,21.0045,20.8884,21.1206
2021-08-25,16634.6500,21.0557,20.9592,21.1521
2021-08-26,16636.9000,21.1462,21.0222,21.2702
2021-08-27,16705.2000,21.3195,21.0537,21.5852
2021-08-30,16931.0500,21.4651,21.1325,21.7978
2021-08-31,17132.2000,21.5124,21.1639,21.8608
2021-09-01,17076.2500,21.6108,21.3451,21.8765
2021-09-02,17234.1500,21.7289,21.5734,21.8844
2021-09-03,17323.6000,21.7525,21.5970,21.9080
2021-09-06,17377.8000,21.8943,21.8726,21.9159
2021-09-07,17362.1000,21.8982,21.8805,21.9159
2021-09-08,17353.5000,21.8982,21.8805,21.9159
2021-09-09,17369.2500,21.8982,21.8805,21.9159
2021-09-13,17355.3000,22.0557,21.8805,22.2309
2021-09-14,17380.0000,22.0596,21.8805,22.2388
2021-09-15,17519.4500,22.0636,21.8884,22.2388
2021-09-16,17629.5000,22.0754,21.9120,22.2388
2021-09-17,17585.1500,22.0793,21.9199,22.2388
2021-09-20,17396.9000,22.1384,21.9277,22.3490
2021-09-21,17562.0000,22.1541,21.9356,22.3726
2021-09-22,17546.6500,22.1699,21.9513,22.3884
2021-09-23,17822.9500,22.2053,22.0222,22.3884
2021-09-24,17853.2000,22.2132,22.0380,22.3884
2021-09-27,17855.1000,22.1817,21.9986,22.3647
2021-09-28,17748.6000,22.1620,21.9750,22.3490
2021-09-29,17711.3000,22.1541,21.9671,22.3411
2021-09-30,17618.1500,22.1265,21.9592,22.2939
2021-10-01,17532.0500,22.1226,21.9513,22.2939
2021-10-04,17691.2500,22.1265,21.9592,22.2939
2021-10-05,17822.3000,22.1384,21.9750,22.3017
2021-10-06,17646.0000,22.1777,22.0458,22.3096
2021-10-07,17790.3500,22.1817,22.0537,22.3096
2021-10-08,17895.2000,22.2722,22.1088,22.4356
2021-10-11,17945.9500,22.5675,22.2978,22.8372
2021-10-12,17991.9500,22.5793,22.3136,22.8451
2021-10-13,18161.7500,22.5911,22.3293,22.8529
2021-10-14,18338.5500,22.6974,22.4474,22.9474
2021-10-18,18477.0500,22.7447,22.5183,22.9710
2021-10-19,18418.7500,22.7132,22.4632,22.9632
2021-10-20,18266.6000,22.6935,22.4317,22.9553
2021-10-21,18178.1000,22.6738,22.4080,22.9395
2021-10-22,18114.9000,22.5281,22.3765,22.6797
2021-10-25,18125.4000,22.1817,21.8175,22.5458
2021-10-26,18268.4000,22.1502,21.7624,22.5380
2021-10-27,18210.9500,22.1344,21.7466,22.5222
2021-10-28,17857.2500,22.1305,21.7545,22.5065
2021-10-29,17671.6500,22.1147,21.7388,22.4907
2021-11-01,17929.6500,21.9297,21.7388,22.1206
2021-11-02,17888.9500,21.9573,21.8017,22.1128
2021-11-03,17829.2000,22.0124,21.9041,22.1206
2021-11-04,17916.8000,22.0714,22.0143,22.1285
2021-11-08,18068.5500,22.0478,21.9199,22.1758
2021-11-09,18044.2500,22.0478,21.9199,22.1758
2021-11-10,18017.2000,22.0439,21.9120,22.1758
2021-11-11,17873.6000,22.0439,21.9120,22.1758
2021-11-12,18102.7500,22.0360,21.9041,22.1679
2021-11-15,18109.4500,21.9139,21.6836,22.1443
2021-11-16,17999.2000,21.8864,21.6600,22.1128
2021-11-17,17898.6500,21.8706,21.6521,22.0891
2021-11-18,17764.8000,21.5793,21.2269,21.9317
2021-11-22,17416.5500,21.1738,20.7230,21.6246
2021-11-23,17503.3500,21.1541,20.6994,21.6088
2021-11-24,17415.0500,21.0006,20.6836,21.3175
2021-11-25,17536.2500,20.9848,20.6679,21.3017
2021-11-26,17026.4500,20.9533,20.6128,21.2939
2021-11-29,17053.9500,20.8116,20.5734,21.0498
2021-11-30,16983.2000,20.8116,20.5734,21.0498
2021-12-01,17166.9000,20.8076,20.5655,21.0498
2021-12-02,17401.6500,20.7604,20.4632,21.0576
2021-12-03,17196.7000,20.7525,20.4474,21.0576
2021-12-06,16912.2500,20.7998,20.4395,21.1600
2021-12-07,17176.7000,20.8037,20.4395,21.1679
2021-12-08,17469.7500,20.8195,20.4632,21.1758
2021-12-09,17516.8500,20.9258,20.6758,21.1758
2021-12-10,17511.3000,20.9573,20.7545,21.1600
2021-12-13,17368.2500,20.8076,20.5025,21.1128
2021-12-14,17324.9000,20.7880,20.4789,21.0970
2021-12-15,17221.4000,20.7486,20.4553,21.0419
2021-12-16,17248.4000,20.4454,20.0301,20.8608
2021-12-17,16985.2000,20.4021,20.0143,20.7899
2021-12-20,16614.2000,20.2604,19.9986,20.5222
2021-12-21,16770.8500,20.2604,20.0065,20.5143
2021-12-22,16955.4500,20.2722,20.0222,20.5222
2021-12-23,17072.6000,20.3234,20.1167,20.5301
2021-12-24,17003.7500,20.5045,20.3844,20.6246
2021-12-27,17086.2500,20.6187,20.4317,20.8057
2021-12-28,17233.2500,20.6305,20.4395,20.8214
2021-12-29,17213.6000,20.6502,20.4632,20.8372
2021-12-30,17203.9500,20.8391,20.6128,21.0655
2021-12-31,17354.0500,20.9376,20.6206,21.2545
2022-01-03,17625.7000,21.1462,20.8254,21.4671
2022-01-04,17805.2500,21.1699,20.8647,21.4750
2022-01-05,17925.2500,21.2880,21.0931,21.4828
2022-01-06,17745.9000,21.3628,21.2348,21.4907
2022-01-07,17812.7000,21.4415,21.2742,21.6088
2022-01-10,18003.3000,21.5911,21.3372,21.8451
2022-01-11,18055.7500,21.5951,21.3451,21.8451
2022-01-12,18212.3500,21.6738,21.4868,21.8608
2022-01-13,18257.8000,21.7053,21.5419,21.8687
2022-01-14,18255.7500,21.7368,21.5813,21.8923
2022-01-17,18308.1000,21.5163,21.1325,21.9002
2022-01-18,18113.0500,21.4533,21.0143,21.8923
2022-01-19,17938.4000,21.4336,20.9828,21.8844
2022-01-20,17757.0000,21.3470,20.8332,21.8608
2022-01-21,17617.1500,20.9218,20.4474,21.3962
2022-01-24,17149.1000,20.7014,20.4395,20.9632
2022-01-25,17277.9500,20.6974,20.4395,20.9553
2022-01-27,17110.1500,20.7998,20.6364,20.9632
2022-01-28,17101.9500,20.8825,20.6600,21.1049
2022-01-31,17339.8500,21.0754,20.6994,21.4513
2022-02-01,17576.8500,21.0990,20.7388,21.4592
2022-02-02,17780.0000,21.1069,20.7624,21.4513
2022-02-03,17560.2000,21.1069,20.7702,21.4435
2022-02-04,17516.3000,21.0990,20.7702,21.4277
2022-02-07,17213.6000,20.9651,20.7624,21.1679
2022-02-08,17266.7500,20.9651,20.7624,21.1679
2022-02-09,17463.8000,20.9573,20.7466,21.1679
2022-02-10,17605.8500,20.7447,20.3214,21.1679
2022-02-11,17374.7500,20.6777,20.1876,21.1679
2022-02-14,16842.8000,20.4966,20.1718,20.8214
2022-02-15,17352.4500,20.4888,20.1797,20.7978
2022-02-16,17322.2000,20.4376,20.1797,20.6954
2022-02-17,17304.6000,20.4809,20.2899,20.6718
2022-02-18,17276.3000,20.4809,20.3057,20.6561
2022-02-21,17206.6500,19.9376,19.3214,20.5537
2022-02-22,17092.2000,19.9179,19.3057,20.5301
2022-02-23,17063.2500,19.8746,19.3057,20.4435
2022-02-24,16247.9500,19.8273,19.3057,20.3490
2022-02-25,16658.4000,19.7132,19.3057,20.1206
2022-02-28,16793.9000,19.5596,19.2269,19.8923
2022-03-02,16605.9500,19.5321,19.1797,19.8844
2022-03-03,16498.0500,19.2880,18.7466,19.8293
2022-03-04,16245.3500,19.2014,18.7230,19.6797
2022-03-07,15863.1500,19.1226,18.7073,19.5380
2022-03-08,16013.4500,19.1384,18.7230,19.5537
2022-03-09,16345.3500,19.1541,18.7309,19.5773
2022-03-10,16594.9000,19.3234,18.8569,19.7899
2022-03-11,16630.4500,19.5754,19.3214,19.8293
2022-03-14,16871.3000,19.9139,19.5498,20.2781
2022-03-15,16663.0000,19.9179,19.5576,20.2781
2022-03-16,16975.3500,19.9258,19.5734,20.2781
2022-03-17,17287.0500,19.9376,19.5970,20.2781
2022-03-21,17117.6000,20.1699,20.0616,20.2781
2022-03-22,17315.5000,20.1738,20.0695,20.2781
2022-03-23,17245.6500,20.1738,20.0695,20.2781
2022-03-24,17222.7500,20.1738,20.0695,20.2781
2022-03-25,17153.0000,20.1777,20.0616,20.2939
2022-03-28,17222.0000,20.4573,20.0695,20.8451
2022-03-29,17325.3000,20.4848,20.0931,20.8765
2022-03-30,17498.2500,20.5636,20.1797,20.9474
2022-03-31,17464.7500,20.7722,20.2663,21.2781
2022-04-01,17670.4500,20.8391,20.3687,21.3096
2022-04-04,18053.4000,21.0675,20.8096,21.3254
2022-04-05,17957.4000,21.0596,20.8096,21.3096
2022-04-06,17807.6500,21.0557,20.8096,21.3017
2022-04-07,17639.5500,21.0399,20.7939,21.2860
2022-04-08,17784.3500,20.8155,20.6364,20.9947
2022-04-11,17674.9500,20.7447,20.5813,20.9080
2022-04-12,17530.3000,20.7328,20.5734,20.8923
2022-04-13,17475.6500,20.6029,20.4553,20.7506
2022-04-18,17173.6500,20.2328,19.9277,20.5380
2022-04-19,16958.6500,20.2014,19.9199,20.4828
2022-04-20,17136.5500,20.1738,19.9199,20.4277
2022-04-21,17392.6000,20.1344,19.8647,20.4041
2022-04-22,17171.9500,20.1265,19.8569,20.3962
2022-04-25,16953.9500,19.9848,19.8490,20.1206
2022-04-26,17200.8000,19.9848,19.8569,20.1128
2022-04-27,17038.4000,19.9809,19.8569,20.1049
2022-04-28,17245.0500,19.9809,19.8569,20.1049
2022-04-29,17102.5500,19.9730,19.8490,20.0970
2022-05-02,17069.1000,19.3470,18.7860,19.9080
2022-05-04,16677.6000,19.2958,18.7466,19.8451
2022-05-05,16682.6500,19.1108,18.4317,19.7899
2022-05-06,16411.2500,18.7801,18.3451,19.2151
2022-05-09,16301.8500,18.2958,17.8647,18.7269
2022-05-10,16240.0500,18.2762,17.8490,18.7033
2022-05-11,16167.1000,18.1029,17.8254,18.3805
2022-05-12,15808.0000,18.0754,17.8175,18.3332
2022-05-13,15782.1500,18.0636,17.8096,18.3175
2022-05-16,15842.3000,18.0675,17.8096,18.3254
2022-05-17,16259.3000,18.0675,17.8096,18.3254
2022-05-18,16240.3000,18.0636,17.8096,18.3175
2022-05-19,15809.4000,18.0596,17.8175,18.3017
2022-05-20,16266.1500,18.0596,17.8175,18.3017
2022-05-23,16214.7000,18.1265,17.9435,18.3096
2022-05-24,16125.1500,18.1384,17.9435,18.3332
2022-05-25,16025.8000,18.1502,17.9514,18.3490
2022-05-26,16170.1500,18.2132,17.9514,18.4750
2022-05-27,16352.4500,18.3076,17.9750,18.6403
2022-05-30,16661.4000,18.5045,18.3214,18.6876
2022-05-31,16584.5500,18.5163,18.3372,18.6954
2022-06-01,16522.7500,18.5478,18.4002,18.6954
2022-06-02,16628.0000,18.5714,18.4474,18.6954
2022-06-03,16584.3000,18.5636,18.4317,18.6954
2022-06-06,16569.5500,18.4533,18.2742,18.6325
2022-06-07,16416.3500,18.3667,18.1403,18.5931
2022-06-08,16356.2500,18.3431,18.1246,18.5616
2022-06-09,16478.1000,18.1659,17.8490,18.4828
2022-06-10,16201.8000,18.0006,17.5576,18.4435
2022-06-13,15774.4000,17.5793,17.0380,18.1206
2022-06-14,15732.1000,17.5517,17.0222,18.0813
2022-06-15,15692.1500,17.4888,17.0143,17.9632
2022-06-16,15360.6000,17.2683,17.0065,17.5301
2022-06-17,15293.5000,17.2210,16.9986,17.4435
2022-06-20,15350.1500,17.1974,17.0065,17.3884
2022-06-21,15638.8000,17.2171,17.0222,17.4120
2022-06-22,15413.3000,17.2447,17.0695,17.4199
2022-06-23,15556.6500,17.2880,17.1010,17.4750
2022-06-24,15699.2500,17.3352,17.1482,17.5222
2022-06-27,15832.0500,17.4691,17.4002,17.5380
2022-06-28,15850.2000,17.4691,17.4080,17.5301
2022-06-29,15799.1000,17.4612,17.4002,17.5222
2022-06-30,15780.2500,17.4612,17.4002,17.5222
2022-07-01,15752.0500,17.4573,17.3923,17.5222
2022-07-04,15835.3500,17.6305,17.4080,17.8529
2022-07-05,15810.8500,17.7132,17.4395,17.9868
2022-07-06,15989.8000,17.7328,17.4710,17.9947
2022-07-07,16132.9000,17.7368,17.4789,17.9947
2022-07-08,16220.6000,17.7998,17.6049,17.9947
2022-07-11,16216.0000,17.7840,17.6128,17.9553
2022-07-12,16058.3000,17.7801,17.6128,17.9474
2022-07-13,15966.6500,17.7683,17.6128,17.9238
2022-07-14,15938.6500,17.7643,17.6049,17.9238
2022-07-15,16049.2000,17.7762,17.6128,17.9395
2022-07-18,16278.5000,17.9809,17.6679,18.2939
2022-07-19,16340.5500,18.0360,17.6915,18.3805
2022-07-20,16520.8500,18.0951,17.8017,18.3884
2022-07-21,16605.2500,18.1974,17.9986,18.3962
2022-07-22,16719.4500,18.2368,18.0773,18.3962
2022-07-25,16631.0000,18.4179,18.1010,18.7348
2022-07-26,16483.8500,18.4336,18.1010,18.7663
2022-07-27,16641.8000,18.4533,18.1088,18.7978
2022-07-28,16929.6000,18.5163,18.1167,18.9159
2022-07-29,17158.2500,18.5517,18.1639,18.9395
2022-08-01,17340.0500,18.8903,18.7939,18.9868
2022-08-02,17345.4500,18.9021,18.8096,18.9947
2022-08-03,17388.1500,18.9573,18.9120,19.0025
2022-08-04,17382.0000,19.0124,18.9592,19.0655
2022-08-05,17397.5000,19.0281,18.9592,19.0970
2022-08-08,17525.1000,19.0911,18.9750,19.2073
2022-08-10,17534.7500,19.1541,19.0695,19.2388
2022-08-11,17659.0000,19.1620,19.0773,19.2466
2022-08-12,17698.1500,19.1895,19.1167,19.2624
2022-08-16,17825.2500,19.2289,19.1246,19.3332
2022-08-17,17944.2500,19.2250,19.1167,19.3332
2022-08-18,17956.5000,19.0832,18.8332,19.3332
2022-08-19,17758.4500,19.0754,18.8254,19.3254
2022-08-22,17490.7000,18.9533,18.8096,19.0970
2022-08-23,17577.5000,18.9100,18.8017,19.0183
2022-08-24,17604.9500,18.8076,18.6364,18.9789
2022-08-25,17522.4500,18.7880,18.5970,18.9789
2022-08-26,17558.9000,18.7840,18.5655,19.0025
2022-08-29,17312.9000,18.7840,18.5576,19.0104
2022-08-30,17759.3000,18.7880,18.5655,19.0104
2022-09-01,17542.8000,18.8116,18.6206,19.0025
2022-09-02,17539.4500,18.8706,18.7466,18.9947
2022-09-05,17665.8000,18.8785,18.7624,18.9947
2022-09-06,17655.6000,18.9021,18.7939,19.0104
2022-09-07,17624.4000,18.9179,18.8096,19.0262
2022-09-08,17798.7500,18.9415,18.8254,19.0576
2022-09-09,17833.3500,19.0281,18.8411,19.2151
2022-09-12,17936.3500,18.9730,18.6994,19.2466
2022-09-13,18070.0500,18.9454,18.6521,19.2388
2022-09-14,18003.7500,18.9336,18.6364,19.2309
2022-09-15,17877.4000,18.9258,18.6364,19.2151
2022-09-16,17530.8500,18.8982,18.6364,19.1600
2022-09-19,17622.2500,18.6935,18.4632,18.9238
2022-09-20,17816.2500,18.6423,18.3765,18.9080
2022-09-21,17718.3500,18.6305,18.3529,18.9080
2022-09-22,17629.8000,18.5596,18.2191,18.9002
2022-09-23,17327.3500,18.3903,17.9907,18.7899
2022-09-26,17016.3000,18.0596,17.7860,18.3332
2022-09-27,17007.4000,18.0478,17.7781,18.3175
2022-09-28,16858.6000,18.0163,17.7702,18.2624
2022-09-29,16818.1000,18.0242,17.7702,18.2781
2022-09-30,17094.3500,18.0557,17.7781,18.3332
2022-10-03,16887.3500,18.2289,18.0065,18.4514
2022-10-04,17274.3000,18.2447,18.0222,18.4671
2022-10-06,17331.8000,18.2958,18.1246,18.4671
2022-10-07,17314.6500,18.2998,18.1403,18.4592
2022-10-10,17241.0000,18.2880,18.1403,18.4356
2022-10-11,16983.5500,18.2840,18.1403,18.4277
2022-10-12,17123.6000,18.2840,18.1403,18.4277
2022-10-13,17014.3500,18.2880,18.1403,18.4356
2022-10-14,17185.7000,18.3273,18.1482,18.5065
2022-10-17,17311.8000,18.4966,18.2978,18.6954
2022-10-18,17486.9500,18.5163,18.3293,18.7033
2022-10-19,17512.2500,18.5636,18.4080,18.7191
2022-10-20,17563.9500,18.8706,18.6443,19.0970
2022-10-21,17576.3000,18.8943,18.6679,19.1206
2022-10-24,17730.7500,18.9336,18.6836,19.1836
2022-10-25,17656.3500,18.9573,18.7073,19.2073
2022-10-27,17736.9500,19.2132,19.0852,19.3411
2022-10-28,17786.8000,19.3391,19.1246,19.5537
2022-10-31,18012.2000,19.3943,19.2112,19.5773
2022-11-01,18145.4000,19.4061,19.2348,19.5773
2022-11-02,18082.8500,19.4179,19.2584,19.5773
2022-11-03,18052.7000,19.4021,19.2584,19.5458
2022-11-04,18117.1500,19.3943,19.2584,19.5301
2022-11-07,18202.8000,19.2132,19.0616,19.3647
2022-11-09,18157.0000,19.2565,19.0458,19.4671
2022-11-10,18028.2000,19.2683,19.0537,19.4828
2022-11-11,18349.7000,19.2880,19.0537,19.5222
2022-11-14,18329.1500,19.4573,19.3608,19.5537
2022-11-15,18403.4000,19.4651,19.3765,19.5537
2022-11-16,18409.6500,19.4651,19.3765,19.5537
2022-11-17,18343.9000,19.3549,19.1639,19.5458
2022-11-18,18307.6500,19.3431,19.1482,19.5380
2022-11-21,18159.9500,19.2880,19.1403,19.4356
2022-11-22,18244.2000,19.2919,19.1403,19.4435
2022-11-23,18267.2500,19.3037,19.1561,19.4514
2022-11-24,18484.1000,19.3313,19.2033,19.4592
2022-11-25,18512.7500,19.3785,19.2584,19.4986
2022-11-28,18562.7500,19.5754,19.4474,19.7033
2022-11-29,18618.0500,19.5832,19.4632,19.7033
2022-11-30,18758.3500,19.6029,19.4868,19.7191
2022-12-01,18812.5000,19.6029,19.4947,19.7112
2022-12-02,18696.1000,19.5990,19.4868,19.7112
2022-12-05,18701.0500,19.4848,19.3844,19.5852
2022-12-06,18642.7500,19.4454,19.3293,19.5616
2022-12-07,18560.5000,19.4336,19.3214,19.5458
2022-12-08,18609.3500,19.4218,19.3136,19.5301
2022-12-09,18496.6000,19.3706,19.2978,19.4435
2022-12-12,18497.1500,19.2722,19.1088,19.4356
2022-12-13,18608.0000,19.2368,19.0380,19.4356
2022-12-14,18660.3000,19.2289,19.0222,19.4356
2022-12-15,18414.9000,19.2210,19.0143,19.4277
2022-12-16,18269.0000,19.2171,19.0065,19.4277
2022-12-19,18420.4500,18.9179,18.6915,19.1443
2022-12-20,18385.3000,18.8076,18.4789,19.1364
2022-12-21,18199.1000,18.8037,18.4789,19.1285
2022-12-22,18127.3500,18.7683,18.4710,19.0655
2022-12-23,17806.8000,18.6856,18.4710,18.9002
2022-12-26,18014.6000,18.6580,18.4789,18.8372
2022-12-27,18132.3000,18.6659,18.4947,18.8372
2022-12-28,18122.5000,18.7407,18.6443,18.8372
2022-12-29,18191.0000,18.7643,18.6915,18.8372
2022-12-30,18105.3000,18.7683,18.6994,18.8372
2023-01-02,18197.4500,18.6423,18.4632,18.8214
2023-01-03,18232.5500,18.6305,18.4395,18.8214
2023-01-04,18042.9500,18.6265,18.4317,18.8214
2023-01-05,17992.1500,18.6108,18.4238,18.7978
2023-01-06,17859.4500,18.5399,18.4159,18.6639
2023-01-09,18101.2000,18.5321,18.4159,18.6482
2023-01-10,17914.1500,18.5281,18.4159,18.6403
2023-01-11,17895.7000,18.5202,18.4238,18.6167
2023-01-12,17858.2000,18.5124,18.4238,18.6010
2023-01-13,17956.6000,18.5045,18.4317,18.5773
2023-01-16,17894.8500,18.5045,18.4159,18.5931
2023-01-17,18053.3000,18.4927,18.3923,18.5931
2023-01-18,18165.3500,18.4927,18.3923,18.5931
2023-01-19,18107.8500,18.4888,18.3844,18.5931
2023-01-20,18027.6500,18.4809,18.3765,18.5852
2023-01-23,18118.5500,18.3549,18.1403,18.5695
2023-01-24,18118.3000,18.3037,18.0458,18.5616
2023-01-25,17891.9500,18.2919,18.0380,18.5458
2023-01-27,17604.3500,18.1817,18.0301,18.3332
2023-01-30,17648.9500,18.1069,17.9986,18.2151
2023-01-31,17662.1500,18.1069,17.9986,18.2151
2023-02-01,17616.3000,18.1069,17.9986,18.2151
2023-02-02,17610.4000,18.1108,17.9986,18.2230
2023-02-03,17854.0500,18.1147,18.0065,18.2230
2023-02-06,17764.6000,18.1659,18.0773,18.2545
2023-02-07,17721.5000,18.1777,18.0931,18.2624
2023-02-08,17871.7000,18.1817,18.1010,18.2624
2023-02-09,17893.4500,18.1856,18.1010,18.2702
2023-02-10,17856.5000,18.1974,18.1167,18.2781
2023-02-13,17770.9000,18.2368,18.1246,18.3490
2023-02-14,17929.8500,18.2447,18.1325,18.3569
2023-02-15,18015.8500,18.2447,18.1325,18.3569
2023-02-16,18035.8500,18.2407,18.1325,18.3490
2023-02-17,17944.2000,18.2407,18.1325,18.3490
2023-02-20,17844.6000,18.0399,17.8175,18.2624
2023-02-21,17826.7000,18.0006,17.7781,18.2230
2023-02-22,17554.3000,17.9691,17.7702,18.1679
2023-02-23,17511.2500,17.9258,17.7309,18.1206
2023-02-24,17465.8000,17.7565,17.5576,17.9553
2023-02-27,17392.7000,17.7368,17.5183,17.9553
2023-02-28,17303.9500,17.7447,17.5183,17.9710
2023-03-01,17450.9000,17.7643,17.5340,17.9947
2023-03-02,17321.9000,17.7880,17.5419,18.0340
2023-03-03,17594.3500,17.8391,17.6206,18.0576
2023-03-06,17711.4500,17.9297,17.7545,18.1049
2023-03-08,17754.4000,17.9218,17.7388,18.1049
2023-03-09,17589.6000,17.7801,17.4632,18.0970
2023-03-10,17412.9000,17.7368,17.3844,18.0891
2023-03-13,17154.3000,17.4888,17.2584,17.7191
2023-03-14,17043.3000,17.4809,17.2584,17.7033
2023-03-15,16972.1500,17.3746,17.2506,17.4986
2023-03-16,16985.6000,17.3076,17.2427,17.3726
2023-03-17,17100.0500,17.3037,17.2427,17.3647
2023-03-20,16988.4000,17.2762,17.1797,17.3726
2023-03-21,17107.5000,17.2722,17.1718,17.3726
2023-03-22,17151.9000,17.2683,17.1639,17.3726
2023-03-23,17076.9000,17.2604,17.1561,17.3647
2023-03-24,16945.0500,17.2525,17.1482,17.3569
2023-03-27,16985.7000,17.2998,17.1482,17.4514
2023-03-28,16951.7000,17.3313,17.1561,17.5065
2023-03-29,17080.7000,17.3431,17.1639,17.5222
2023-03-31,17359.7500,17.4100,17.2663,17.5537
2023-04-03,17398.0500,17.6265,17.5104,17.7427
2023-04-05,17557.0500,17.6344,17.5183,17.7506
2023-04-06,17599.1500,17.6541,17.5419,17.7663
2023-04-10,17624.0500,17.8825,17.7466,18.0183
2023-04-11,17722.3000,17.9021,17.7702,18.0340
2023-04-12,17812.4000,17.9139,17.7939,18.0340
2023-04-13,17828.0000,17.9179,17.8017,18.0340
2023-04-17,17706.8500,17.8825,17.7624,18.0025
2023-04-18,17660.1500,17.8746,17.7545,17.9947
2023-04-19,17618.7500,17.8313,17.7545,17.9080
2023-04-20,17624.4500,17.8155,17.7466,17.8844
2023-04-21,17624.0500,17.8116,17.7388,17.8844
2023-04-24,17743.4000,17.9927,17.7545,18.2309
2023-04-25,17769.2500,18.0360,17.7702,18.3017
2023-04-26,17813.6000,18.0911,17.8726,18.3096
2023-04-27,17915.0500,18.1108,17.9041,18.3175
2023-04-28,18065.0000,18.1580,17.9828,18.3332
2023-05-02,18147.6500,18.3313,18.2348,18.4277
2023-05-03,18089.8500,18.3352,18.2348,18.4356
2023-05-04,18255.8000,18.3273,18.2191,18.4356
2023-05-05,18069.0000,18.3313,18.2191,18.4435
2023-05-08,18264.4000,18.3470,18.2191,18.4750
2023-05-09,18265.9500,18.3706,18.2663,18.4750
2023-05-10,18315.1000,18.3903,18.3057,18.4750
2023-05-11,18297.0000,18.4061,18.3372,18.4750
2023-05-12,18314.8000,18.4021,18.3372,18.4671
2023-05-15,18398.8500,18.3155,18.1797,18.4514
2023-05-16,18286.5000,18.3116,18.1718,18.4514
2023-05-17,18181.7500,18.3076,18.1797,18.4356
2023-05-18,18129.9500,18.3037,18.1718,18.4356
2023-05-19,18203.4000,18.3076,18.1797,18.4356
2023-05-22,18314.4000,18.3431,18.2033,18.4828
2023-05-23,18348.0000,18.3982,18.2348,18.5616
2023-05-24,18285.4000,18.4454,18.3214,18.5695
2023-05-25,18321.1500,18.4769,18.3608,18.5931
2023-05-26,18499.3500,18.5832,18.4159,18.7506
2023-05-29,18598.6500,18.6817,18.5813,18.7821
2023-05-30,18633.8500,18.6856,18.5891,18.7821
2023-05-31,18534.4000,18.6935,18.6128,18.7742
2023-06-01,18487.7500,18.6974,18.6206,18.7742
2023-06-02,18534.1000,18.7014,18.6285,18.7742
2023-06-05,18593.8500,18.7289,18.6521,18.8057
2023-06-06,18599.0000,18.7328,18.6521,18.8136
2023-06-07,18726.4000,18.7289,18.6521,18.8057
2023-06-08,18634.5500,18.7250,18.6443,18.8057
2023-06-09,18563.4000,18.7171,18.6364,18.7978
2023-06-12,18601.5000,18.7171,18.6443,18.7899
2023-06-13,18716.1500,18.7210,18.6443,18.7978
2023-06-14,18755.9000,18.7250,18.6521,18.7978
2023-06-15,18688.1000,18.7289,18.6600,18.7978
2023-06-16,18826.0000,18.7289,18.6600,18.7978
2023-06-19,18755.4500,18.7171,18.6206,18.8136
2023-06-20,18816.7000,18.7132,18.6128,18.8136
2023-06-21,18856.8500,18.7053,18.5970,18.8136
2023-06-22,18771.2500,18.7014,18.5891,18.8136
2023-06-23,18665.5000,18.7014,18.5891,18.8136
2023-06-26,18691.2000,18.7919,18.5970,18.9868
2023-06-27,18817.4000,18.8155,18.5970,19.0340
2023-06-28,18972.1000,18.8431,18.6285,19.0576
2023-06-30,19189.0500,18.9966,18.8411,19.1521
2023-07-03,19322.5500,19.1541,19.0380,19.2702
2023-07-04,19389.0000,19.1620,19.0458,19.2781
2023-07-05,19398.5000,19.1738,19.0616,19.2860
2023-07-06,19497.3000,19.1895,19.0931,19.2860
2023-07-07,19331.8000,19.1895,19.1010,19.2781
2023-07-10,19355.9000,19.5990,19.1088,20.0891
2023-07-11,19439.4000,19.6226,19.1167,20.1285
2023-07-12,19384.3000,19.6423,19.1403,20.1443
2023-07-13,19413.7500,19.6620,19.1482,20.1758
2023-07-14,19564.5000,19.7250,19.1797,20.2702
2023-07-17,19711.4500,20.3273,20.1246,20.5301
2023-07-18,19749.2500,20.3352,20.1325,20.5380
2023-07-19,19833.1500,20.3431,20.1482,20.5380
2023-07-20,19979.1500,20.3470,20.1561,20.5380
2023-07-21,19745.0000,20.3352,20.1325,20.5380
2023-07-24,19672.3500,20.1699,20.0537,20.2860
2023-07-25,19680.6000,20.0872,19.9435,20.2309
2023-07-26,19778.3000,20.0675,19.9199,20.2151
2023-07-27,19659.9000,20.0517,19.9041,20.1994
2023-07-28,19646.0500,20.0281,19.8805,20.1758
2023-07-31,19753.8000,19.7880,19.6049,19.9710
2023-08-01,19733.5500,19.7801,19.5970,19.9632
2023-08-02,19526.5500,19.7604,19.5813,19.9395
2023-08-03,19381.6500,19.7447,19.5734,19.9159
2023-08-04,19517.0000,19.6541,19.5576,19.7506
2023-08-07,19597.3000,19.5478,19.4317,19.6639
2023-08-08,19570.8500,19.4573,19.3293,19.5852
2023-08-09,19632.5500,19.4494,19.3214,19.5773
2023-08-10,19543.1000,19.4376,19.3136,19.5616
2023-08-11,19428.3000,19.4179,19.3057,19.5301
2023-08-14,19434.5500,19.2447,19.1639,19.3254
2023-08-16,19465.0000,19.2053,19.1088,19.3017
2023-08-17,19365.2500,19.1817,19.0616,19.3017
2023-08-18,19310.1500,19.1502,19.0143,19.2860
2023-08-21,19393.6000,19.0084,18.9120,19.1049
2023-08-22,19396.4500,18.9651,18.8490,19.0813
2023-08-23,19444.0000,18.9297,18.8332,19.0262
2023-08-24,19386.7000,18.9100,18.8254,18.9947
2023-08-25,19265.8000,18.8982,18.8175,18.9789
2023-08-28,19306.0500,18.8234,18.7545,18.8923
2023-08-29,19342.6500,18.8234,18.7545,18.8923
2023-08-30,19347.4500,18.8273,18.7466,18.9080
2023-08-31,19253.8000,18.8313,18.7466,18.9159
2023-09-01,19435.3000,18.8470,18.7545,18.9395
2023-09-04,19528.8000,19.0281,18.8884,19.1679
2023-09-05,19574.9000,19.0478,18.9120,19.1836
2023-09-06,19611.0500,19.0754,18.9514,19.1994
2023-09-07,19727.0500,19.1935,19.0065,19.3805
2023-09-08,19819.9500,19.2210,19.0458,19.3962
2023-09-11,19996.3500,19.3706,19.1876,19.5537
2023-09-12,19993.2000,19.3943,19.1954,19.5931
2023-09-13,20070.0000,19.4809,19.3529,19.6088
2023-09-14,20103.1000,19.4966,19.3844,19.6088
2023-09-15,20192.3500,19.5045,19.4002,19.6088
2023-09-18,20133.3000,19.3195,19.0537,19.5852
2023-09-20,19901.4000,19.2880,19.0222,19.5537
2023-09-21,19742.3500,19.2525,19.0065,19.4986
2023-09-22,19674.2500,19.1423,18.9907,19.2939
2023-09-25,19674.5500,18.9336,18.8490,19.0183
2023-09-26,19664.7000,18.9218,18.8332,19.0104
2023-09-27,19716.4500,18.9218,18.8332,19.0104
2023-09-28,19523.5500,18.9139,18.8254,19.0025
2023-09-29,19638.3000,18.8785,18.7781,18.9789
2023-10-03,19528.7500,18.7565,18.6521,18.8608
2023-10-04,19436.1000,18.7565,18.6521,18.8608
2023-10-05,19545.7500,18.7604,18.6600,18.8608
2023-10-06,19653.5000,18.7722,18.6679,18.8765
2023-10-09,19512.3500,18.8391,18.7151,18.9632
2023-10-10,19689.8500,18.8510,18.7309,18.9710
2023-10-11,19811.3500,18.8510,18.7309,18.9710
2023-10-12,19794.0000,18.8588,18.7466,18.9710
2023-10-13,19751.0500,18.8470,18.7388,18.9553
2023-10-16,19731.7500,18.7328,18.5734,18.8923
2023-10-17,19811.5000,18.7014,18.5262,18.8765
2023-10-18,19671.1000,18.6541,18.4789,18.8293
2023-10-19,19624.7000,18.5321,18.2821,18.7821
2023-10-20,19542.6500,18.4691,18.2506,18.6876
2023-10-23,19281.7500,18.1777,17.8569,18.4986
2023-10-25,19122.1500,18.0793,17.8411,18.3175
2023-10-26,18857.2500,18.0281,17.8411,18.2151
2023-10-27,19047.2500,17.9888,17.8490,18.1285
2023-10-30,19140.9000,18.0990,17.9277,18.2702
2023-10-31,19079.6000,18.1108,17.9356,18.2860
2023-11-01,18989.1500,18.1265,17.9356,18.3175
2023-11-02,19133.2500,18.2210,17.9435,18.4986
2023-11-03,19230.6000,18.2407,17.9592,18.5222
2023-11-06,19411.7500,18.4297,18.3057,18.5537
2023-11-07,19406.7000,18.4651,18.3687,18.5616
2023-11-08,19443.5000,18.5163,18.4710,18.5616
2023-11-09,19395.3000,18.5321,18.4947,18.5695
2023-11-10,19425.3500,18.5360,18.4947,18.5773
2023-11-13,19443.5500,18.6226,18.4789,18.7663
2023-11-15,19675.4500,18.6305,18.4868,18.7742
2023-11-16,19765.2000,18.6344,18.5025,18.7663
2023-11-17,19731.8000,18.6856,18.6049,18.7663
2023-11-20,19694.0000,18.6935,18.6521,18.7348
2023-11-21,19783.4000,18.6974,18.6600,18.7348
2023-11-22,19811.8500,18.7014,18.6679,18.7348
2023-11-23,19802.0000,18.7132,18.6836,18.7427
2023-11-24,19794.7000,18.7250,18.6915,18.7584
2023-11-28,19889.7000,18.8982,18.6915,19.1049
2023-11-29,20096.6000,18.9218,18.7073,19.1364
2023-11-30,20133.1500,19.0557,18.7939,19.3175
2023-12-01,20267.9000,19.3076,18.9986,19.6167
2023-12-04,20686.8000,19.4179,19.1167,19.7191
2023-12-05,20855.1000,19.4297,19.1325,19.7269
2023-12-06,20937.7000,19.4927,19.2506,19.7348
2023-12-07,20901.1500,19.6974,19.6443,19.7506
2023-12-08,20969.4000,19.7132,19.6758,19.7506
2023-12-11,20997.1000,19.8746,19.6836,20.0655
2023-12-12,20906.4000,19.9139,19.6836,20.1443
2023-12-13,20926.3500,19.9179,19.6836,20.1521
2023-12-14,21182.7000,19.9258,19.6915,20.1600
2023-12-15,21456.6500,19.9297,19.7073,20.1521
2023-12-18,21418.6500,19.9848,19.8332,20.1364
2023-12-19,21453.1000,19.9809,19.8332,20.1285
2023-12-20,21150.1500,19.9809,19.8411,20.1206
2023-12-21,21255.0500,19.9769,19.8411,20.1128
2023-12-22,21349.4000,19.9888,19.8569,20.1206
2023-12-26,21441.3500,20.1659,19.9907,20.3411
2023-12-27,21654.7500,20.1738,20.0065,20.3411
2023-12-28,21778.7000,20.1817,20.0222,20.3411
2023-12-29,21731.4000,20.1856,20.0380,20.3332
2024-01-01,21741.9000,20.1226,20.0222,20.2230
2024-01-02,21665.8000,20.1187,20.0222,20.2151
2024-01-03,21517.3500,20.1029,20.0065,20.1994
2024-01-04,21658.6000,20.0951,19.9986,20.1915
2024-01-05,21710.8000,20.0872,19.9907,20.1836
2024-01-08,21513.0000,20.0832,19.9750,20.1915
2024-01-09,21544.8500,20.1147,19.9907,20.2388
2024-01-10,21618.7000,20.1226,19.9907,20.2545
2024-01-11,21647.2000,20.1423,20.0065,20.2781
2024-01-12,21894.5500,20.1935,19.9986,20.3884
2024-01-15,22097.4500,20.1226,19.8569,20.3884
2024-01-16,22032.3000,20.1147,19.8411,20.3884
2024-01-17,21571.9500,20.0990,19.8332,20.3647
2024-01-18,21462.2500,20.0832,19.8175,20.3490
2024-01-19,21622.4000,19.9021,19.6994,20.1049
2024-01-23,21238.8000,19.6817,19.5262,19.8372
2024-01-24,21453.9500,19.6580,19.5025,19.8136
2024-01-25,21352.6000,19.5478,19.4002,19.6954
2024-01-29,21737.6000,19.4021,19.2191,19.5852
2024-01-30,21522.1000,19.3667,19.2191,19.5143
2024-01-31,21725.7000,19.3431,19.2269,19.4592
2024-02-01,21697.4500,19.3510,19.2348,19.4671
2024-02-02,21853.8000,19.3864,19.3057,19.4671
2024-02-05,21771.7000,19.4100,19.3136,19.5065
2024-02-06,21929.4000,19.4100,19.3136,19.5065
2024-02-07,21930.5000,19.4021,19.3057,19.4986
2024-02-08,21717.9500,19.3234,19.1561,19.4907
2024-02-09,21782.5000,19.3116,19.1403,19.4828
2024-02-12,21616.0500,19.3431,19.1403,19.5458
2024-02-13,21743.2500,19.3628,19.1403,19.5852
2024-02-14,21840.0500,19.3864,19.1639,19.6088
2024-02-15,21910.7500,19.4730,19.3293,19.6167
2024-02-16,22040.7000,19.5872,19.4868,19.6876
2024-02-19,22122.2500,19.6462,19.5813,19.7112
2024-02-20,22196.9500,19.6502,19.5891,19.7112
2024-02-21,22055.0500,19.6502,19.5891,19.7112
2024-02-22,22217.4500,19.6462,19.5813,19.7112
2024-02-23,22212.7000,19.6462,19.5813,19.7112
2024-02-26,22122.0500,19.6069,19.4947,19.7191
2024-02-27,22198.3500,19.6502,19.4868,19.8136
2024-02-28,21951.1500,19.6580,19.4947,19.8214
2024-02-29,21982.8000,19.6620,19.4947,19.8293
2024-03-01,22338.7500,19.6817,19.5183,19.8451
2024-03-04,22405.6000,19.8391,19.7860,19.8923
2024-03-05,22356.3000,19.8470,19.7939,19.9002
2024-03-06,22474.0500,19.8470,19.7939,19.9002
2024-03-07,22493.5500,19.8313,19.7624,19.9002
2024-03-11,22332.6500,19.6502,19.4238,19.8765
2024-03-12,22335.7000,19.6344,19.4238,19.8451
2024-03-13,21997.7000,19.5675,19.4080,19.7269
2024-03-14,22146.6500,19.5517,19.3923,19.7112
2024-03-15,22023.3500,19.3825,19.2348,19.5301
2024-03-18,22055.7000,19.3195,19.2112,19.4277
2024-03-19,21817.4500,19.3195,19.2112,19.4277
2024-03-20,21839.1000,19.3234,19.2112,19.4356
2024-03-21,22011.9500,19.3313,19.2269,19.4356
2024-03-22,22096.7500,19.3431,19.2427,19.4435
2024-03-26,22004.7000,19.4139,19.3372,19.4907
2024-03-27,22123.6500,19.4258,19.3529,19.4986
2024-03-28,22326.9000,19.4415,19.3608,19.5222
2024-04-01,22462.0000,19.5557,19.4947,19.6167
2024-04-02,22453.3000,19.5675,19.5104,19.6246
2024-04-03,22434.6500,19.5990,19.5576,19.6403
2024-04-04,22514.6500,19.6069,19.5655,19.6482
2024-04-05,22513.7000,19.6147,19.5734,19.6561
2024-04-08,22666.3000,19.8234,19.5734,20.0734
2024-04-09,22642.7500,19.8391,19.5891,20.0891
2024-04-10,22753.8000,19.8470,19.6049,20.0891
2024-04-12,22519.4000,19.8470,19.6128,20.0813
2024-04-15,22272.5000,19.6620,19.4080,19.9159
2024-04-16,22147.9000,19.6462,19.4002,19.8923
2024-04-18,21995.8500,19.5124,19.4002,19.6246
2024-04-19,22147.0000,19.5045,19.4002,19.6088
2024-04-22,22336.4000,19.5754,19.4238,19.7269
2024-04-23,22368.0000,19.6029,19.4553,19.7506
2024-04-24,22402.4000,19.6502,19.5498,19.7506
2024-04-25,22570.3500,19.6659,19.5734,19.7584
2024-04-26,22419.9500,19.6699,19.5813,19.7584
2024-04-29,22643.4000,19.6738,19.5813,19.7663
2024-04-30,22604.8500,19.6699,19.5734,19.7663
2024-05-02,22648.2000,19.5990,19.4553,19.7427
2024-05-03,22475.8500,19.5242,19.3136,19.7348
2024-05-06,22442.7000,19.2289,18.9199,19.5380
2024-05-07,22302.5000,19.2171,18.9199,19.5143
2024-05-08,22302.5000,19.1423,18.9120,19.3726
2024-05-09,21957.5000,19.0793,18.9199,19.2388
2024-05-10,22055.2000,19.0714,18.9199,19.2230
2024-05-13,22104.0500,19.0793,18.9356,19.2230
2024-05-14,22217.8500,19.1187,18.9435,19.2939
2024-05-15,22200.5500,19.1699,18.9828,19.3569
2024-05-16,22403.8500,19.2053,19.0380,19.3726
2024-05-17,22466.1000,19.2565,19.1325,19.3805
2024-05-21,22529.0500,19.5557,19.3529,19.7584
2024-05-22,22597.8000,19.5675,19.3687,19.7663
2024-05-23,22967.6500,19.5832,19.4002,19.7663
2024-05-24,22957.1000,19.5911,19.4159,19.7663
2024-05-27,22932.4500,19.5242,19.3214,19.7269
2024-05-28,22888.1500,19.5124,19.3057,19.7191
2024-05-29,22704.7000,19.5163,19.3057,19.7269
2024-05-30,22488.6500,19.5990,19.2978,19.9002
2024-05-31,22530.7000,19.3431,18.7624,19.9238
2024-06-03,23263.9000,19.3391,18.7388,19.9395
2024-06-04,21884.5000,19.3352,18.7388,19.9317
2024-06-05,22620.3500,19.3313,18.7388,19.9238
2024-06-06,22821.4000,19.3313,18.7545,19.9080
2024-06-07,23290.1500,19.5281,19.1482,19.9080
2024-06-10,23259.2000,19.8825,19.8254,19.9395
2024-06-11,23264.8500,19.9061,19.8411,19.9710
2024-06-12,23322.9500,19.9100,19.8490,19.9710
2024-06-13,23398.9000,19.9179,19.8569,19.9789
2024-06-14,23465.6000,19.9494,19.9041,19.9947
2024-06-18,23557.9000,20.0163,19.9671,20.0655
2024-06-19,23516.0000,20.0321,19.9828,20.0813
2024-06-20,23567.0000,20.0439,19.9907,20.0970
2024-06-21,23501.1000,20.0951,20.0065,20.1836
2024-06-24,23537.8500,20.2840,20.0773,20.4907
2024-06-25,23721.3000,20.3037,20.1010,20.5065
2024-06-26,23868.8000,20.3116,20.1167,20.5065
2024-06-27,24044.5000,20.3588,20.2112,20.5065
2024-06-28,24010.6000,20.4454,20.3765,20.5143
2024-07-01,24141.9500,20.5242,20.4159,20.6325
2024-07-02,24123.8500,20.5360,20.4159,20.6561
2024-07-03,24286.5000,20.6147,20.4947,20.7348
2024-07-04,24302.1500,20.6462,20.5104,20.7821
2024-07-05,24323.8500,20.6856,20.5734,20.7978
2024-07-08,24320.5500,20.8037,20.6836,20.9238
2024-07-09,24433.2000,20.8628,20.7702,20.9553
2024-07-10,24324.4500,20.8746,20.7781,20.9710
2024-07-11,24315.9500,20.8943,20.8017,20.9868
2024-07-12,24502.1500,20.9061,20.8096,21.0025
2024-07-15,24586.7000,21.0754,20.9592,21.1915
2024-07-16,24613.0000,21.0872,20.9750,21.1994
2024-07-18,24800.8500,21.1029,20.9986,21.2073
2024-07-19,24530.9000,21.0990,20.9986,21.1994
2024-07-22,24509.2500,21.0675,20.9277,21.2073
2024-07-23,24479.0500,21.0714,20.9277,21.2151
2024-07-24,24413.5000,21.0754,20.9199,21.2309
2024-07-25,24406.1000,21.0832,20.9199,21.2466
2024-07-26,24834.8500,21.0832,20.9199,21.2466
2024-07-29,24836.1000,21.0439,20.8411,21.2466
2024-07-30,24857.3000,21.0006,20.7702,21.2309
2024-07-31,24951.1500,20.8706,20.7151,21.0262
2024-08-01,25010.9000,20.7250,20.4395,21.0104
2024-08-02,24717.7000,20.5675,20.1403,20.9947
2024-08-05,24055.6000,20.4179,20.1088,20.7269
2024-08-06,23992.5500,20.4139,20.1167,20.7112
2024-08-07,24297.5000,20.2407,20.1167,20.3647
2024-08-08,24117.0000,20.2407,20.1325,20.3490
2024-08-09,24367.5000,20.2407,20.1403,20.3411
2024-08-12,24347.0000,20.2447,20.1325,20.3569
2024-08-13,24139.0000,20.2919,20.1325,20.4514
2024-08-14,24143.7500,20.2998,20.1325,20.4671
2024-08-16,24541.1500,20.3470,20.1561,20.5380
2024-08-19,24572.6500,20.5517,20.4632,20.6403
2024-08-20,24698.8500,20.5636,20.4789,20.6482
2024-08-21,24770.2000,20.5754,20.4947,20.6561
2024-08-22,24811.5000,20.6580,20.5813,20.7348
2024-08-23,24823.1500,20.6817,20.6206,20.7427
2024-08-26,25010.6000,20.7486,20.6443,20.8529
2024-08-27,25017.7500,20.7880,20.6915,20.8844
2024-08-28,25052.3500,20.8116,20.7309,20.8923
2024-08-29,25151.9500,20.8234,20.7545,20.8923
2024-08-30,25235.9000,20.8313,20.7624,20.9002
2024-09-02,25278.7000,20.6738,20.4553,20.8923
2024-09-03,25279.8500,20.6580,20.4238,20.8923
2024-09-04,25198.7000,20.6384,20.4002,20.8765
2024-09-05,25145.1000,20.6265,20.4002,20.8529
2024-09-06,24852.1500,20.5951,20.3923,20.7978
2024-09-09,24936.4000,20.5951,20.4002,20.7899
2024-09-10,25041.1000,20.6029,20.4080,20.7978
2024-09-11,24918.4500,20.6147,20.4317,20.7978
2024-09-12,25388.9000,20.6187,20.4395,20.7978
2024-09-13,25356.5000,20.6265,20.4553,20.7978
2024-09-16,25383.7500,20.8273,20.7073,20.9474
2024-09-17,25418.5500,20.8628,20.7073,21.0183
2024-09-18,25377.5500,20.8785,20.7151,21.0419
2024-09-19,25415.8000,20.8903,20.7151,21.0655
2024-09-20,25790.9500,20.9179,20.7230,21.1128
2024-09-23,25939.0500,21.1895,21.0143,21.3647
2024-09-24,25940.4000,21.2132,21.0458,21.3805
2024-09-25,26004.1500,21.2407,21.1010,21.3805
2024-09-26,26216.0500,21.2880,21.1797,21.3962
2024-09-27,26178.9500,21.2919,21.1797,21.4041
2024-09-30,25810.8500,21.0990,20.7939,21.4041
2024-10-01,25796.9000,21.0872,20.7702,21.4041
2024-10-03,25250.1000,20.9888,20.5891,21.3884
2024-10-04,25014.6000,20.9691,20.5655,21.3726
2024-10-07,24795.7500,20.6423,20.5498,20.7348
2024-10-08,25013.1500,20.6423,20.5498,20.7348
2024-10-09,24981.9500,20.6502,20.5655,20.7348
2024-10-10,24998.4500,20.6856,20.6285,20.7427
2024-10-11,24964.2500,20.7368,20.6364,20.8372
2024-10-14,25127.9500,20.7762,20.6521,20.9002
2024-10-15,25057.3500,20.7762,20.6521,20.9002
2024-10-16,24971.3000,20.7801,20.6600,20.9002
2024-10-17,24749.8500,20.7762,20.6521,20.9002
2024-10-18,24854.0500,20.6895,20.5104,20.8687
2024-10-21,24781.1000,20.5084,20.2112,20.8057
2024-10-22,24472.1000,20.4927,20.1954,20.7899
2024-10-23,24435.5000,20.4573,20.1718,20.7427
2024-10-24,24399.4000,20.3470,20.1639,20.5301
2024-10-25,24180.8000,20.3391,20.1561,20.5222
2024-10-28,24339.1500,20.3470,20.1718,20.5222
2024-10-29,24466.8500,20.3470,20.1718,20.5222
2024-10-30,24340.8500,20.3431,20.1718,20.5143
2024-10-31,24205.3500,20.3234,20.1482,20.4986
2024-11-01,24304.3500,20.2643,20.1167,20.4120
2024-11-04,23995.3500,20.2053,20.0065,20.4041
2024-11-05,24213.3000,20.1974,19.9907,20.4041
2024-11-06,24484.0500,20.1935,19.9828,20.4041
2024-11-07,24199.3500,20.1738,19.9514,20.3962
2024-11-08,24148.2000,20.1187,19.8569,20.3805
2024-11-11,24141.3000,19.7092,19.4553,19.9632
2024-11-12,23883.4500,19.6856,19.4317,19.9395
2024-11-13,23559.0500,19.6738,19.4238,19.9238
2024-11-14,23532.7000,19.5793,19.3923,19.7663
2024-11-18,23453.8000,19.5084,19.3057,19.7112
2024-11-19,23518.5000,19.5084,19.2978,19.7191
2024-11-21,23349.9000,19.5951,19.2978,19.8923
2024-11-22,23907.2500,19.6305,19.2978,19.9632
2024-11-25,24221.9000,19.8431,19.6915,19.9947
2024-11-26,24194.5000,19.8549,19.7073,20.0025
2024-11-27,24274.9000,19.8588,19.7073,20.0104
2024-11-28,23914.1500,19.8628,19.7073,20.0183
2024-11-29,24131.1000,19.9651,19.7230,20.2073
2024-12-02,24276.0500,20.1699,19.8726,20.4671
2024-12-03,24457.1500,20.1777,19.8884,20.4671
2024-12-04,24467.4500,20.2486,20.0222,20.4750
2024-12-05,24708.4000,20.3706,20.2742,20.4671
2024-12-06,24677.8000,20.3785,20.2899,20.4671
2024-12-09,24619.0000,20.3903,20.3214,20.4592
2024-12-10,24610.0500,20.3903,20.3136,20.4671
2024-12-11,24641.8000,20.3982,20.3136,20.4828
2024-12-12,24548.7000,20.3903,20.2899,20.4907
2024-12-13,24768.3000,20.3470,20.2033,20.4907
2024-12-16,24668.2500,20.0321,19.5813,20.4828
2024-12-17,24336.0000,19.9927,19.5104,20.4750
2024-12-18,24198.8500,19.9376,19.4868,20.3884
2024-12-19,23951.7000,19.8273,19.4868,20.1679
2024-12-20,23587.5000,19.7604,19.4789,20.0419
2024-12-23,23753.4500,19.5439,19.4789,19.6088
2024-12-24,23727.6500,19.5517,19.4868,19.6167
2024-12-26,23750.2000,19.5439,19.4710,19.6167
2024-12-27,23813.4000,19.4612,19.2978,19.6246
2024-12-30,23644.9000,19.4888,19.2742,19.7033
2024-12-31,23644.8000,19.4888,19.2742,19.7033
2025-01-01,23742.9000,19.4888,19.2663,19.7112
2025-01-02,24188.6500,19.4809,19.2506,19.7112
2025-01-03,24004.7500,19.4651,19.2269,19.7033
2025-01-06,23616.0500,19.3549,19.1167,19.5931
2025-01-07,23707.9000,19.3352,19.0931,19.5773
2025-01-08,23688.9500,19.1974,19.0773,19.3175
2025-01-09,23526.5000,19.0439,18.8332,19.2545
2025-01-10,23431.5000,19.0281,18.8175,19.2388
2025-01-13,23085.9500,18.9376,18.8096,19.0655
2025-01-14,23176.0500,18.9179,18.8096,19.0262
2025-01-15,23213.2000,18.9100,18.8096,19.0104
2025-01-16,23311.8000,18.9061,18.8017,19.0104
2025-01-17,23203.2000,18.9021,18.7939,19.0104
2025-01-20,23344.7500,18.8864,18.7545,19.0183
2025-01-21,23024.6500,18.8825,18.7545,19.0104
2025-01-22,23155.3500,18.8785,18.7545,19.0025
2025-01-23,23205.3500,18.7880,18.6443,18.9317
2025-01-24,23092.2000,18.7722,18.6285,18.9159
2025-01-27,22829.1500,18.8391,18.6128,19.0655
2025-01-28,22957.2500,18.9258,18.6206,19.2309
2025-01-29,23163.1000,18.9376,18.6364,19.2388
2025-01-30,23249.5000,18.9651,18.6915,19.2388
2025-01-31,23508.4000,19.1580,18.8805,19.4356
2025-02-01,23482.1500,19.1856,18.9199,19.4514
2025-02-03,23361.0500,19.3037,19.1482,19.4592
2025-02-04,23739.2500,19.3037,19.1482,19.4592
2025-02-05,23696.3000,19.3076,19.1561,19.4592
2025-02-06,23603.3500,19.2958,19.1482,19.4435
2025-02-07,23559.9500,19.2762,19.1403,19.4120
2025-02-10,23381.6000,19.1502,18.9514,19.3490
2025-02-11,23071.8000,19.1029,18.8962,19.3096
2025-02-12,23045.2500,19.0399,18.8884,19.1915
2025-02-13,23031.4000,18.9888,18.8884,19.0891
2025-02-14,22929.2500,18.9336,18.8726,18.9947
2025-02-17,22959.5000,18.8825,18.8332,18.9317
2025-02-18,22945.3000,18.8588,18.7939,18.9238
2025-02-19,22932.9000,18.8273,18.7466,18.9080
2025-02-20,22913.1500,18.7565,18.6128,18.9002
2025-02-21,22795.9000,18.7328,18.5813,18.8844
2025-02-24,22553.3500,18.5636,18.3608,18.7663
2025-02-25,22547.5500,18.4848,18.2506,18.7191
2025-02-27,22545.0500,18.4061,18.2191,18.5931
2025-02-28,22124.7000,18.3943,18.2112,18.5773
2025-03-03,22119.3000,18.3667,18.1876,18.5458
2025-03-04,22082.6500,18.3628,18.1876,18.5380
2025-03-05,22337.3000,18.3706,18.1954,18.5458
2025-03-06,22544.7000,18.3785,18.2112,18.5458
2025-03-07,22552.5000,18.3864,18.2348,18.5380
2025-03-10,22460.3000,18.4573,18.3923,18.5222
2025-03-11,22497.9000,18.4454,18.3844,18.5065
2025-03-12,22470.5000,18.4415,18.3765,18.5065
2025-03-13,22397.2000,18.4494,18.3687,18.5301
2025-03-17,22508.7500,18.7250,18.3687,19.0813
2025-03-18,22834.3000,18.7447,18.3765,19.1128
2025-03-19,22907.6000,18.8116,18.4868,19.1364
2025-03-20,23190.6500,19.0084,18.6758,19.3411
2025-03-21,23350.4000,19.0596,18.7702,19.3490
2025-03-24,23658.3500,19.3155,19.1403,19.4907
2025-03-25,23668.6500,19.3273,19.1561,19.4986
2025-03-26,23486.8500,19.3628,19.2191,19.5065
2025-03-27,23591.9500,19.3746,19.2348,19.5143
2025-03-28,23519.3500,19.3785,19.2427,19.5143
2025-04-01,23165.7000,19.2683,19.0380,19.4986
2025-04-02,23332.3500,19.2328,19.0065,19.4592
2025-04-03,23250.1000,18.9848,18.5891,19.3805
2025-04-04,22904.4500,18.8588,18.3844,19.3332
2025-04-07,22161.6000,18.6895,18.3844,18.9947
2025-04-08,22535.8500,18.6895,18.3844,18.9947
2025-04-09,22399.1500,18.6935,18.4002,18.9868
2025-04-11,22828.5500,18.9179,18.5813,19.2545
2025-04-15,23328.5500,19.3628,18.9514,19.7742
2025-04-16,23437.2000,19.3746,18.9592,19.7899
2025-04-17,23851.6500,19.5242,19.2269,19.8214
2025-04-21,24125.5500,19.9454,19.7388,20.1521
2025-04-22,24167.2500,19.9494,19.7466,20.1521
2025-04-23,24328.9500,20.0202,19.8805,20.1600
2025-04-24,24246.7000,20.0675,19.9671,20.1679
2025-04-25,24039.3500,20.0793,19.9750,20.1836
2025-04-28,24328.5000,20.0990,19.9828,20.2151
2025-04-29,24335.9500,20.1305,20.0380,20.2230
2025-04-30,24334.2000,20.1895,20.1403,20.2388
2025-05-02,24346.7000,20.2407,20.1954,20.2860
2025-05-05,24461.1500,20.2250,20.1325,20.3175
2025-05-06,24379.6000,20.2210,20.1246,20.3175
2025-05-07,24414.4000,20.2210,20.1088,20.3332
2025-05-08,24273.8000,20.4454,20.1010,20.7899
2025-05-09,24008.0000,20.4533,20.0931,20.8136
2025-05-12,24924.7000,20.4927,20.1010,20.8844
2025-05-13,24578.3500,20.5124,20.1246,20.9002
2025-05-14,24666.9000,20.7053,20.5104,20.9002
2025-05-15,25062.1000,20.7092,20.5183,20.9002
2025-05-16,25019.8000,20.7092,20.5262,20.8923
2025-05-19,24945.4500,20.6777,20.5183,20.8372
2025-05-20,24683.9000,20.6777,20.5183,20.8372
2025-05-21,24813.4500,20.6856,20.5262,20.8451
2025-05-22,24609.7000,20.6935,20.5419,20.8451
2025-05-23,24853.1500,20.7132,20.5655,20.8608
2025-05-26,25001.1500,20.7683,20.6521,20.8844
2025-05-27,24826.2000,20.7604,20.6521,20.8687
2025-05-28,24752.4500,20.7486,20.6443,20.8529
2025-05-29,24833.6000,20.6620,20.6049,20.7191
2025-05-30,24750.7000,20.6147,20.5262,20.7033
2025-06-02,24716.6000,20.6423,20.4947,20.7899
2025-06-03,24542.5000,20.6620,20.4947,20.8293
2025-06-04,24620.2000,20.6777,20.4947,20.8608
2025-06-05,24750.9000,20.7014,20.5104,20.8923
2025-06-06,25003.0500,20.7250,20.5183,20.9317
2025-06-09,25103.2000,20.8076,20.6443,20.9710
2025-06-10,25104.2500,20.8037,20.6364,20.9710
2025-06-11,25141.4000,20.7998,20.6285,20.9710
2025-06-12,24888.2000,20.7958,20.6285,20.9632
2025-06-13,24718.6000,20.7880,20.6285,20.9474
2025-06-16,24946.5000,20.7447,20.6285,20.8608
2025-06-17,24853.4000,20.7447,20.6285,20.8608
2025-06-18,24812.0500,20.7565,20.6364,20.8765
2025-06-19,24793.2500,20.7643,20.6443,20.8844
2025-06-20,25112.4000,20.7722,20.6521,20.8923
2025-06-23,24971.9000,20.9769,20.7545,21.1994
2025-06-24,25044.3500,20.9848,20.7624,21.2073
2025-06-25,25244.7500,20.9966,20.7702,21.2230
2025-06-26,25549.0000,21.0281,20.8332,21.2230
2025-06-27,25637.8000,21.0557,20.8884,21.2230
2025-06-30,25517.0500,21.0596,20.9120,21.2073
2025-07-01,25541.8000,21.0321,20.8805,21.1836
2025-07-02,25453.4000,20.9927,20.8726,21.1128
2025-07-03,25405.3000,20.9809,20.8647,21.0970
2025-07-04,25461.0000,20.9100,20.8569,20.9632
2025-07-07,25461.3000,20.8037,20.6679,20.9395
2025-07-08,25522.5000,20.7919,20.6521,20.9317
2025-07-09,25476.1000,20.7880,20.6443,20.9317
2025-07-10,25355.2500,20.7525,20.5970,20.9080
2025-07-11,25149.8500,20.7407,20.5891,20.8923
2025-07-14,25082.3000,20.6069,20.5498,20.6639
2025-07-15,25195.8000,20.5714,20.4868,20.6561
2025-07-16,25212.0500,20.5675,20.4710,20.6639
2025-07-17,25111.4500,20.5675,20.4710,20.6639
2025-07-18,24968.4000,20.5793,20.4710,20.6876
2025-07-21,25090.7000,20.6817,20.4868,20.8765
2025-07-22,25060.9000,20.6935,20.5104,20.8765
2025-07-23,25219.9000,20.6895,20.5025,20.8765
2025-07-24,25062.1000,20.6817,20.4947,20.8687
2025-07-25,24837.0000,20.6738,20.4868,20.8608
2025-07-28,24680.9000,20.4494,20.3057,20.5931
2025-07-29,24821.1000,20.3982,20.2191,20.5773
2025-07-30,24855.0500,20.3943,20.2112,20.5773
2025-07-31,24768.3500,20.3864,20.2033,20.5695
2025-08-01,24565.3500,20.3746,20.1954,20.5537
2025-08-04,24722.7500,20.2250,20.1482,20.3017
2025-08-05,24649.5500,20.2171,20.1403,20.2939
2025-08-06,24574.2000,20.2053,20.1246,20.2860
2025-08-07,24596.1500,20.2053,20.1246,20.2860
2025-08-08,24363.3000,20.2014,20.1167,20.2860
2025-08-11,24585.0500,20.2525,20.1167,20.3884
2025-08-12,24487.4000,20.3352,20.1325,20.5380
2025-08-13,24619.3500,20.3667,20.1797,20.5537
2025-08-14,24631.3000,20.4848,20.2191,20.7506
2025-08-18,24876.9500,20.7171,20.5498,20.8844
2025-08-19,24980.6500,20.7250,20.5576,20.8923
2025-08-20,25050.5500,20.7447,20.5970,20.8923
2025-08-21,25083.7500,20.7368,20.5891,20.8844
2025-08-22,24870.1000,20.6856,20.4868,20.8844
2025-08-25,24967.7500,20.4533,20.1561,20.7506
2025-08-26,24712.0500,20.4415,20.1403,20.7427
2025-08-28,24500.9000,20.2643,20.1246,20.4041
2025-08-29,24426.8500,20.2368,20.1167,20.3569
2025-09-01,24625.0500,20.2053,20.1246,20.2860
2025-09-02,24579.6000,20.2092,20.1325,20.2860
2025-09-03,24715.0500,20.2407,20.1876,20.2939
2025-09-04,24734.3000,20.2565,20.2112,20.3017
2025-09-05,24741.0000,20.3076,20.2663,20.3490
2025-09-08,24773.1500,20.4100,20.2899,20.5301
2025-09-09,24868.6000,20.4218,20.2978,20.5458
2025-09-10,24973.1000,20.4297,20.3057,20.5537
2025-09-11,25005.5000,20.4769,20.3844,20.5695
2025-09-12,25114.0000,20.5163,20.4395,20.5931
2025-09-15,25069.2000,20.6147,20.5025,20.7269
2025-09-16,25239.1000,20.6305,20.5183,20.7427
2025-09-17,25330.2500,20.6344,20.5183,20.7506
2025-09-18,25423.6000,20.6384,20.5262,20.7506
2025-09-19,25327.0500,20.6265,20.5104,20.7427
2025-09-22,25202.3500,20.3864,20.1325,20.6403
2025-09-23,25169.5000,20.3510,20.0852,20.6167
2025-09-24,25056.9000,20.3155,20.0773,20.5537
2025-09-25,24890.8500,20.2643,20.0537,20.4750
2025-09-26,24654.7000,20.2486,20.0458,20.4514
2025-09-29,24634.9000,20.1738,20.0380,20.3096
2025-09-30,24611.1000,20.1856,20.0458,20.3254
2025-10-01,24836.3000,20.2014,20.0616,20.3411
2025-10-03,24894.2500,20.3943,20.2742,20.5143
2025-10-06,25077.6500,20.4612,20.3451,20.5773
2025-10-07,25108.3000,20.4769,20.3608,20.5931
2025-10-08,25046.1500,20.5084,20.4080,20.6088
2025-10-09,25181.8000,20.5084,20.4080,20.6088
2025-10-10,25285.3500,20.5045,20.4002,20.6088
2025-10-13,25227.3500,20.5793,20.3765,20.7821
2025-10-14,25145.5000,20.6187,20.3844,20.8529
2025-10-15,25323.5500,20.6423,20.3923,20.8923
2025-10-16,25585.3000,20.6817,20.4002,20.9632
2025-10-17,25709.8500,20.8116,20.5970,21.0262
2025-10-20,25843.1500,20.9612,20.8647,21.0576
2025-10-21,25868.6000,20.9888,20.9120,21.0655
2025-10-23,25891.4000,21.0045,20.9199,21.0891
2025-10-24,25795.1500,21.0478,20.9199,21.1758
2025-10-27,25966.0500,21.1856,20.9356,21.4356
2025-10-28,25936.2000,21.1935,20.9513,21.4356
2025-10-29,26053.9000,21.2407,21.0458,21.4356
2025-10-30,25877.8500,21.2407,21.0537,21.4277
2025-10-31,25722.1000,21.2289,21.0537,21.4041
2025-11-03,25763.3500,21.0675,20.9513,21.1836
2025-11-04,25597.6500,21.0557,20.9356,21.1758
2025-11-06,25509.7000,20.9848,20.9120,21.0576
2025-11-07,25492.3000,20.9809,20.9120,21.0498
2025-11-10,25574.3500,21.0045,20.9199,21.0891
2025-11-11,25694.9500,21.0163,20.9277,21.1049
2025-11-12,25875.8000,21.0557,20.9828,21.1285
2025-11-13,25879.1500,21.1974,21.0458,21.3490
2025-11-14,25910.0500,21.2092,21.0537,21.3647
2025-11-17,26013.4500,21.3234,21.1325,21.5143
2025-11-18,25910.0500,21.3431,21.1639,21.5222
2025-11-19,26052.6500,21.4021,21.2821,21.5222
2025-11-20,26192.1500,21.4061,21.2899,21.5222
2025-11-21,26068.1500,21.4021,21.2821,21.5222
2025-11-24,25959.5000,21.3943,21.2663,21.5222
2025-11-25,25884.8000,21.3982,21.2742,21.5222
2025-11-26,26205.3000,21.3982,21.2742,21.5222
2025-11-27,26215.5500,21.4021,21.2899,21.5143
2025-11-28,26202.9500,21.4100,21.3057,21.5143
2025-12-01,26175.7500,21.3943,21.3057,21.4828
2025-12-02,26032.2000,21.3746,21.2978,21.4513
2025-12-03,25986.0000,21.3667,21.2899,21.4435
2025-12-04,26033.7500,21.3549,21.2742,21.4356
2025-12-05,26186.4500,21.2919,21.1561,21.4277
2025-12-08,25960.5500,21.2407,21.0695,21.4120
2025-12-09,25839.6500,21.2289,21.0616,21.3962
2025-12-10,25758.0000,21.1974,21.0616,21.3332
2025-12-11,25898.5500,21.1699,21.0695,21.2702
2025-12-12,26046.9500,21.1659,21.0695,21.2624
2025-12-15,26027.3000,21.1502,21.0537,21.2466
2025-12-16,25860.1000,21.1423,21.0458,21.2388
2025-12-17,25818.5500,21.1423,21.0458,21.2388
2025-12-18,25815.5500,21.1541,21.0537,21.2545
2025-12-19,25966.4000,21.1738,21.0616,21.2860
2025-12-22,26172.4000,21.2171,21.1403,21.2939
2025-12-23,26177.1500,21.2171,21.1482,21.2860
2025-12-24,26142.1000,21.2013,21.1325,21.2702
2025-12-26,26042.3000,21.1462,21.0458,21.2466
2025-12-29,25942.1000,21.1305,21.0222,21.2388
2025-12-30,25938.8500,21.1423,21.0222,21.2624
2025-12-31,26129.6000,21.1502,21.0301,21.2702
2026-01-01,26146.5500,21.1580,21.0380,21.2781
2026-01-02,26328.5500,21.1620,21.0458,21.2781
2026-01-05,26250.3000,21.0439,20.8175,21.2702
2026-01-06,26178.7000,21.0360,20.8017,21.2702
2026-01-07,26140.7500,21.0006,20.7860,21.2151
2026-01-08,25876.8500,20.9651,20.7781,21.1521
2026-01-09,25683.3000,20.9454,20.7702,21.1206
2026-01-12,25790.2500,20.7840,20.7309,20.8372
2026-01-13,25732.3000,20.7683,20.7151,20.8214
2026-01-14,25665.6000,20.7604,20.7073,20.8136
2026-01-16,25694.3500,20.5321,20.3293,20.7348
2026-01-19,25585.5000,20.4927,20.2742,20.7112
2026-01-20,25232.5000,20.4848,20.2742,20.6954
2026-01-21,25157.5000,20.4415,20.2742,20.6088
2026-01-22,25289.9000,20.4376,20.2821,20.5931
2026-01-23,25048.6500,20.4415,20.2899,20.5931
2026-01-27,25175.4000,20.5399,20.3057,20.7742
2026-01-28,25342.7500,20.5321,20.2821,20.7821
2026-01-29,25418.9000,20.5242,20.2584,20.7899
2026-01-30,25320.6500,20.5242,20.2506,20.7978
2026-02-02,25088.4000,20.5557,20.2506,20.8608
2026-02-03,25727.5500,20.5596,20.2584,20.8608
2026-02-04,25776.0000,20.6305,20.3844,20.8765
2026-02-05,25642.8000,20.8037,20.7309,20.8765
2026-02-06,25693.7000,20.8352,20.7545,20.9159
2026-02-09,25867.3000,20.7565,20.5498,20.9632
2026-02-10,25935.1500,20.7525,20.5419,20.9632
2026-02-11,25953.8500,20.7486,20.5340,20.9632
2026-02-12,25807.2000,20.7407,20.5262,20.9553
2026-02-13,25471.1000,20.7250,20.5183,20.9317
2026-02-16,25682.7500,20.5990,20.4553,20.7427
2026-02-17,25725.4000,20.5911,20.4474,20.7348
2026-02-18,25819.3500,20.5872,20.4395,20.7348
2026-02-19,25454.3500,20.5793,20.4317,20.7269
2026-02-20,25571.2500,20.5084,20.3608,20.6561
2026-02-23,25713.0000,20.3667,20.1561,20.5773
2026-02-24,25424.6500,20.3510,20.1325,20.5695
2026-02-25,25482.5000,20.3313,20.1010,20.5616
2026-02-26,25496.5500,20.1541,19.9199,20.3884
2026-02-27,25178.6500,20.1226,19.8726,20.3726
2026-03-02,24865.7000,19.8195,19.5498,20.0891
2026-03-04,24480.5000,19.7053,19.5340,19.8765
2026-03-05,24765.9000,19.5360,19.2112,19.8608
2026-03-06,24450.4500,19.4651,19.1718,19.7584
2026-03-09,24028.0500,19.0045,18.4947,19.5143
2026-03-10,24261.6000,18.9730,18.4632,19.4828
2026-03-11,23866.8500,18.9139,18.4553,19.3726
2026-03-12,23639.1500,18.8825,18.4474,19.3175
2026-03-13,23151.1000,18.8549,18.4395,19.2702
2026-03-16,23408.8000,18.5990,18.3057,18.8923
2026-03-17,23581.1500,18.5951,18.2899,18.9002
2026-03-18,23777.8000,18.5832,18.2742,18.8923
2026-03-19,23002.1500,18.4612,18.0301,18.8923
2026-03-20,23114.5000,18.3785,17.8884,18.8687
2026-03-23,22512.6500,18.2092,17.8726,18.5458
2026-03-24,22912.4000,18.2132,17.8805,18.5458
2026-03-25,23306.4500,18.1974,17.8569,18.5380
2026-03-27,22819.6000,18.1462,17.7624,18.5301
2026-03-30,22331.4000,17.9336,17.7466,18.1206
2026-04-01,22679.4000,17.9415,17.7624,18.1206
2026-04-02,22713.1000,17.9533,17.7702,18.1364
2026-04-06,22968.2500,18.4612,18.0143,18.9080
2026-04-07,23123.6500,18.4651,18.0222,18.9080
2026-04-08,23997.3500,18.5951,18.2742,18.9159
2026-04-09,23775.1000,18.6147,18.3136,18.9159
2026-04-10,24050.6000,18.7998,18.6836,18.9159
2026-04-13,23842.6500,18.8628,18.7073,19.0183
2026-04-15,24231.3000,18.8825,18.7230,19.0419
2026-04-16,24196.7500,18.9139,18.7466,19.0813
2026-04-17,24353.5500,19.0360,18.8490,19.2230
2026-04-20,24364.8500,19.0045,18.7545,19.2545
2026-04-21,24576.6000,18.9691,18.6836,19.2545
2026-04-22,24378.1000,18.9494,18.6521,19.2466
2026-04-23,24173.0500,18.9415,18.6521,19.2309
2026-04-24,23897.9500,18.8903,18.6443,19.1364
2026-04-27,24092.7000,18.8470,18.6836,19.0104
2026-04-28,23995.7000,18.8746,18.7388,19.0104
2026-04-29,24177.6500,18.9376,18.8647,19.0104
2026-04-30,23997.5500,18.9454,18.8726,19.0183
2026-05-04,24119.3000,19.0242,18.8884,19.1600
2026-05-05,24032.8000,19.0281,18.8884,19.1679
2026-05-06,24330.9500,19.0202,18.8805,19.1600
2026-05-07,24326.6500,18.9769,18.7939,19.1600
2026-05-08,24176.1500,18.7683,18.4002,19.1364
2026-05-11,23815.8500,18.6777,18.3765,18.9789
2026-05-12,23379.5500,18.6738,18.3844,18.9632
2026-05-13,23412.6000,18.6305,18.3844,18.8765
2026-05-14,23689.6000,18.6226,18.3923,18.8529
2026-05-15,23643.5000,18.6305,18.4080,18.8529
2026-05-18,23649.9500,18.7447,18.6443,18.8451
2026-05-19,23618.0000,18.7486,18.6600,18.8372
2026-05-20,23659.0000,18.7565,18.6679,18.8451
2026-05-21,23654.7000,18.8234,18.6758,18.9710
2026-05-22,23719.3000,18.8510,18.6994,19.0025
2026-05-25,24031.7000,18.8470,18.6836,19.0104
2026-05-26,23913.7000,18.8352,18.6679,19.0025
2026-05-27,23907.1500,18.8273,18.6521,19.0025
2026-05-29,23547.7500,18.6738,18.4947,18.8529
2026-06-01,23382.6000,18.4612,18.2899,18.6325
2026-06-02,23483.5500,18.4336,18.2742,18.5931
2026-06-03,23405.6000,18.4179,18.2663,18.5695
2026-06-04,23416.5500,18.3746,18.1954,18.5537
2026-06-05,23366.7000,18.2250,18.1010,18.3490
2026-06-08,23123.0000,18.2132,18.0852,18.3411
2026-06-09,23242.1000,18.2289,18.0852,18.3726
2026-06-10,23214.9500,18.2407,18.0773,18.4041
2026-06-11,23161.6000,18.2840,18.0852,18.4828
2026-06-12,23622.9000,18.3234,18.0852,18.5616
2026-06-15,23853.9000,18.5557,18.3687,18.7427
2026-06-16,23989.1500,18.5911,18.4238,18.7584
2026-06-17,24085.7000,18.6226,18.4868,18.7584
2026-06-18,24168.0000,18.6305,18.5025,18.7584
2026-06-19,24013.1000,18.6265,18.5025,18.7506
2026-06-22,24102.9000,18.5872,18.4868,18.6876
2026-06-23,23824.1000,18.5832,18.4868,18.6797
2026-06-24,24021.6500,18.5754,18.4868,18.6639
2026-06-25,24056.0000,18.5714,18.4868,18.6561
2026-06-29,23946.2500,18.6069,18.4632,18.7506
2026-06-30,23865.7500,18.6226,18.4710,18.7742
2026-07-01,24005.8500,18.6265,18.4710,18.7821
2026-07-02,24175.7000,18.7053,18.4868,18.9238
2026-07-03,24270.8500,18.7210,18.4947,18.9474
2026-07-06,24430.3500,18.7289,18.5025,18.9553
2026-07-07,24398.7000,18.7250,18.5025,18.9474
2026-07-08,23882.0500,18.7171,18.5025,18.9317
2026-07-09,23962.8000,18.7132,18.5104,18.9159
2026-07-10,24206.9000,18.6305,18.5104,18.7506
2026-07-13,24211.0000,18.6502,18.5734,18.7269
2026-07-14,24052.0500,18.6541,18.5734,18.7348
2026-07-15,24078.5000,18.6580,18.5813,18.7348
2026-07-16,24072.7500,18.6580,18.5734,18.7427
2026-07-17,24334.3000,18.6502,18.5655,18.7348
2026-07-20,24238.5000,18.5439,18.3687,18.7191
2026-07-21,24187.7000,18.5202,18.3293,18.7112
2026-07-22,23996.2500,18.4769,18.3136,18.6403
2026-07-23,23869.6000,18.4533,18.3057,18.6010
2026-07-24,23767.4500,18.2210,17.9750,18.4671
2026-07-27,23995.9500,18.1974,17.9514,18.4435
2026-07-28,23985.3500,18.2014,17.9514,18.4514
2026-07-29,24250.2000,18.2014,17.9514,18.4514
2026-07-30,24317.1500,18.3431,17.9828,18.7033
2026-07-31,24383.6000,18.5006,18.2742,18.7269
2026-08-03,24774.3000,18.5832,18.4238,18.7427
2026-08-04,24614.9000,18.6069,18.4789,18.7348
2026-08-05,24624.6500,18.6147,18.5104,18.7191
2026-08-06,24636.0000,18.5872,18.5025,18.6718
2026-08-07,24570.6500,18.5636,18.4789,18.6482
2026-08-10,24583.8000,18.4612,18.3765,18.5458
2026-08-11,24471.7000,18.4454,18.3608,18.5301
2026-08-12,24435.9500,18.4297,18.3451,18.5143
2026-08-13,24395.8500,18.3825,18.3214,18.4435
2026-08-14,24366.0000,18.3195,18.2427,18.3962
2026-08-17,24287.6500,18.2328,18.1325,18.3332
2026-08-18,24154.9000,18.2210,18.1325,18.3096
2026-08-19,24078.3000,18.1974,18.1325,18.2624
2026-08-20,24231.8500,18.1935,18.1325,18.2545
2026-08-21,24252.0000,18.1935,18.1403,18.2466
2026-08-24,24219.0500,18.1699,18.0852,18.2545
2026-08-25,24334.5500,18.1659,18.0773,18.2545
2026-08-26,24207.7500,18.1580,18.0695,18.2466
2026-08-27,24090.8500,18.1462,18.0616,18.2309
2026-08-28,24175.6500,18.1305,18.0537,18.2073
2026-08-31,24080.4000,18.0202,17.9199,18.1206
2026-09-01,24055.8000,17.9927,17.9041,18.0813
2026-09-02,23914.4500,17.9809,17.8962,18.0655
2026-09-03,23873.4500,17.9533,17.8805,18.0262
2026-09-04,23897.7000,17.8352,17.7466,17.9238
2026-09-07,23779.1500,17.7171,17.5419,17.8923
2026-09-08,23635.1000,17.6974,17.5183,17.8765
2026-09-09,23431.5000,17.6384,17.4947,17.7821
2026-09-10,23477.8000,17.5754,17.4789,17.6718
2026-09-11,23398.1000,17.4848,17.3765,17.5931
2026-09-15,23118.6000,,-inf,17.4671
2026-09-16,23217.6000,,-inf,17.4671
2026-09-17,23270.6000,,-inf,17.4514
2026-09-18,23346.4000,,-inf,17.4514
2026-09-21,23414.3000,17.3352,17.2033,17.4671
2026-09-22,23329.0000,17.3313,17.1954,17.4671
2026-09-23,23446.8000,17.3116,17.1639,17.4592
2026-09-24,23063.1000,17.2328,17.0065,17.4592
2026-09-25,23140.5000,17.2053,16.9750,17.4356
2026-09-28,22780.2500,16.9671,16.9371,16.9971
