date,close,volume
2016-09-01,8774.65,238900.0
2016-09-02,8809.65,191500.0
2016-09-06,8943.0,195600.0
2016-09-07,8917.95,290100.0
2016-09-08,8952.5,217200.0
2016-09-09,8866.7,175900.0
2016-09-12,8715.6,184500.0
2016-09-14,8726.6,184300.0
2016-09-15,8742.55,145400.0
2016-09-16,8779.85,265800.0
2016-09-19,8808.4,131700.0
2016-09-20,8775.9,136500.0
2016-09-21,8777.15,148800.0
2016-09-22,8867.45,172800.0
2016-09-23,8831.55,185900.0
2016-09-26,8723.05,164000.0
2016-09-27,8706.4,151400.0
2016-09-28,8745.15,165500.0
2016-09-29,8591.25,372900.0
2016-09-30,8611.15,181700.0
2016-10-03,8738.1,137300.0
2016-10-04,8769.15,184300.0
2016-10-05,8743.95,157200.0
2016-10-06,8709.55,163600.0
2016-10-07,8697.6,150400.0
2016-10-10,8708.8,108400.0
2016-10-13,8573.35,212300.0
2016-10-14,8583.4,162800.0
2016-10-17,8520.4,197400.0
2016-10-18,8677.9,216600.0
2016-10-19,8659.1,172100.0
2016-10-20,8699.4,161000.0
2016-10-21,8693.05,157300.0
2016-10-24,8708.95,157100.0
2016-10-25,8691.3,189800.0
2016-10-26,8615.25,219300.0
2016-10-27,8615.25,242800.0
2016-10-28,8638.0,175500.0
2016-11-01,8626.25,165000.0
2016-11-02,8514.0,155300.0
2016-11-03,8484.95,170500.0
2016-11-04,8433.75,224800.0
2016-11-07,8497.05,172800.0
2016-11-08,8543.55,195700.0
2016-11-09,8432.0,314300.0
2016-11-10,8525.75,263100.0
2016-11-11,8296.3,266900.0
2016-11-15,8108.45,359200.0
2016-11-16,8111.6,269500.0
2016-11-17,8079.95,191300.0
2016-11-18,8074.1,161200.0
2016-11-21,7929.1,218800.0
2016-11-22,8002.3,210200.0
2016-11-23,8033.3,181000.0
2016-11-24,7965.5,260500.0
2016-11-25,8114.3,177900.0
2016-11-28,8126.9,189700.0
2016-11-29,8142.15,189700.0
2016-11-30,8224.5,248000.0
2016-12-01,8192.9,157700.0
2016-12-02,8086.8,171500.0
2016-12-05,8128.75,126500.0
2016-12-06,8143.15,115300.0
2016-12-07,8102.05,169800.0
2016-12-08,8246.85,142500.0
2016-12-09,8261.75,149700.0
2016-12-12,8170.8,108100.0
2016-12-13,8221.8,184000.0
2016-12-14,8182.45,144600.0
2016-12-15,8153.6,181800.0
2016-12-16,8139.45,203000.0
2016-12-19,8104.35,107400.0
2016-12-20,8082.4,128000.0
2016-12-21,8061.3,123700.0
2016-12-22,7979.1,122600.0
2016-12-23,7985.75,124100.0
2016-12-26,7908.25,106900.0
2016-12-27,8032.85,118800.0
2016-12-28,8034.85,126700.0
2016-12-29,8103.6,178500.0
2016-12-30,8185.8,127600.0
2017-01-02,8179.5,118300.0
2017-01-03,8192.25,127300.0
2017-01-04,8190.5,132400.0
2017-01-05,8273.8,159100.0
2017-01-06,8243.8,139400.0
2017-01-09,8236.05,99100.0
2017-01-10,8288.6,142900.0
2017-01-11,8380.65,186500.0
2017-01-12,8407.2,172600.0
2017-01-13,8400.35,185300.0
2017-01-16,8412.8,124100.0
2017-01-17,8398.0,122000.0
2017-01-18,8417.0,163800.0
2017-01-19,8435.1,165900.0
2017-01-20,8349.35,202600.0
2017-01-23,8391.5,195000.0
2017-01-24,8475.8,179200.0
2017-01-25,8602.75,292500.0
2017-01-27,8641.25,275400.0
2017-01-30,8632.75,304700.0
2017-01-31,8561.3,521000.0
2017-02-01,8716.4,327700.0
2017-02-02,8734.25,283500.0
2017-02-03,8740.95,191000.0
2017-02-06,8801.05,194400.0
2017-02-07,8768.3,226300.0
2017-02-08,8769.05,218700.0
2017-02-09,8778.4,187500.0
2017-02-10,8793.55,225900.0
2017-02-13,8805.05,204900.0
2017-02-14,8792.3,188300.0
2017-02-15,8724.7,216100.0
2017-02-16,8778.0,184600.0
2017-02-17,8821.7,298300.0
2017-02-20,8879.2,167800.0
2017-02-21,8907.85,175700.0
2017-02-22,8926.9,247100.0
2017-02-23,8939.5,377200.0
2017-02-27,8896.7,189900.0
2017-02-28,8879.6,293600.0
2017-03-01,8945.8,205900.0
2017-03-02,8899.75,218800.0
2017-03-03,8897.55,202600.0
2017-03-06,8963.45,174800.0
2017-03-07,8946.9,173400.0
2017-03-08,8924.3,177800.0
2017-03-09,8927.0,171500.0
2017-03-10,8934.55,152700.0
2017-03-14,9087.0,270300.0
2017-03-15,9084.8,240600.0
2017-03-16,9153.7,208600.0
2017-03-17,9160.05,286700.0
2017-03-20,9126.85,332100.0
2017-03-21,9121.5,247700.0
2017-03-22,9030.45,232300.0
2017-03-23,9086.3,191800.0
2017-03-24,9108.0,203700.0
2017-03-27,9045.2,202700.0
2017-03-28,9100.8,183300.0
2017-03-29,9143.8,243400.0
2017-03-30,9173.75,323400.0
2017-03-31,9173.75,190900.0
2017-04-03,9237.85,139100.0
2017-04-05,9265.15,184800.0
2017-04-06,9261.95,186100.0
2017-04-07,9198.3,190000.0
2017-04-10,9181.45,135800.0
2017-04-11,9237.0,200100.0
2017-04-12,9203.45,161800.0
2017-04-13,9150.8,166500.0
2017-04-17,9139.3,
2017-04-18,9105.15,174200.0
2017-04-19,9103.5,173700.0
2017-04-20,9136.4,170300.0
2017-04-21,9119.4,155200.0
2017-04-24,9217.95,167700.0
2017-04-25,9306.6,168700.0
2017-04-26,9351.85,185700.0
2017-04-27,9342.15,209400.0
2017-04-28,9304.05,162200.0
2017-05-02,9313.8,161600.0
2017-05-03,9311.95,151600.0
2017-05-04,9359.9,269600.0
2017-05-05,9285.3,231900.0
2017-05-08,9314.05,174300.0
2017-05-09,9316.85,132300.0
2017-05-10,9407.3,152700.0
2017-05-11,9422.4,171100.0
2017-05-12,9400.9,154300.0
2017-05-15,9445.4,140800.0
2017-05-16,9512.25,166500.0
2017-05-17,9525.75,205500.0
2017-05-18,9429.45,193300.0
2017-05-19,9427.9,252100.0
2017-05-22,9438.25,196800.0
2017-05-23,9386.15,224400.0
2017-05-24,9360.55,211800.0
2017-05-25,9509.75,289200.0
2017-05-26,9595.1,218800.0
2017-05-29,9604.9,235000.0
2017-05-30,9624.55,193900.0
2017-05-31,9621.25,414300.0
2017-06-01,9616.1,176100.0
2017-06-02,9653.5,162200.0
2017-06-05,9675.1,127700.0
2017-06-06,9637.15,145900.0
2017-06-07,9663.9,160700.0
2017-06-08,9647.25,155400.0
2017-06-09,9668.25,159000.0
2017-06-12,9616.4,141400.0
2017-06-13,9606.9,129700.0
2017-06-14,9618.15,181800.0
2017-06-15,9578.05,171100.0
2017-06-16,9588.05,213200.0
2017-06-19,9657.55,141700.0
2017-06-20,9653.5,159500.0
2017-06-21,9633.6,144000.0
2017-06-22,9630.0,198800.0
2017-06-23,9574.95,175200.0
2017-06-27,9511.4,203300.0
2017-06-28,9491.25,172400.0
2017-06-29,9504.1,259300.0
2017-06-30,9520.9,179600.0
2017-07-03,9615.0,183000.0
2017-07-04,9613.3,144800.0
2017-07-05,9637.6,130800.0
2017-07-06,9674.55,147400.0
2017-07-07,9665.8,141800.0
2017-07-10,9771.05,37500.0
2017-07-11,9786.05,179700.0
2017-07-12,9816.1,145500.0
2017-07-13,9891.7,181300.0
2017-07-14,9886.35,159600.0
2017-07-17,9915.95,163500.0
2017-07-18,9827.15,293900.0
2017-07-19,9899.6,200200.0
2017-07-20,9873.3,161100.0
2017-07-21,9915.25,187500.0
2017-07-24,9966.4,174500.0
2017-07-25,9964.55,185500.0
2017-07-26,10020.65,197600.0
2017-07-27,10020.55,287900.0
2017-07-28,10014.5,191600.0
2017-07-31,10077.1,237700.0
2017-08-01,10114.65,184300.0
2017-08-02,10081.5,161500.0
2017-08-03,10013.65,192700.0
2017-08-04,10066.4,178600.0
2017-08-07,10057.4,137400.0
2017-08-08,9978.55,203300.0
2017-08-09,9908.05,169200.0
2017-08-10,9820.25,235500.0
2017-08-11,9710.8,285900.0
2017-08-14,9794.15,195600.0
2017-08-16,9897.3,219500.0
2017-08-17,9904.15,197600.0
2017-08-18,9837.4,246300.0
2017-08-21,9754.35,205300.0
2017-08-22,9765.55,183600.0
2017-08-23,9852.5,168600.0
2017-08-24,9857.05,184700.0
2017-08-28,9912.8,159600.0
2017-08-29,9796.05,173300.0
2017-08-30,9884.4,157800.0
2017-08-31,9917.9,327700.0
2017-09-01,9974.4,157800.0
2017-09-04,9912.85,148800.0
2017-09-05,9952.2,139200.0
2017-09-06,9916.2,149200.0
2017-09-07,9929.9,188800.0
2017-09-08,9934.8,163600.0
2017-09-11,10006.05,173000.0
2017-09-12,10093.05,182600.0
2017-09-13,10079.3,215000.0
2017-09-14,10086.6,225600.0
2017-09-15,10085.4,266600.0
2017-09-18,10153.1,156100.0
2017-09-19,10147.55,187500.0
2017-09-20,10141.15,199400.0
2017-09-21,10121.9,191800.0
2017-09-22,9964.4,226600.0
2017-09-25,9872.6,221400.0
2017-09-26,9871.5,190900.0
2017-09-27,9735.75,200100.0
2017-09-28,9768.95,385000.0
2017-09-29,9788.6,196300.0
2017-10-03,9859.5,162800.0
2017-10-04,9914.9,156200.0
2017-10-05,9888.7,147800.0
2017-10-06,9979.7,195800.0
2017-10-09,9988.75,143900.0
2017-10-10,10016.95,148600.0
2017-10-11,9984.8,189700.0
2017-10-12,10096.4,200900.0
2017-10-13,10167.45,230100.0
2017-10-16,10230.85,203000.0
2017-10-17,10234.45,195700.0
2017-10-18,10210.85,254200.0
2017-10-19,10146.55,30200.0
2017-10-23,10184.85,218100.0
2017-10-24,10207.7,217200.0
2017-10-25,10295.35,594200.0
2017-10-26,10343.8,429700.0
2017-10-27,10323.05,312700.0
2017-10-30,10363.65,236900.0
2017-10-31,10335.3,232600.0
2017-11-01,10440.5,260300.0
2017-11-02,10423.8,201500.0
2017-11-03,10452.5,199900.0
2017-11-06,10451.8,193600.0
2017-11-07,10350.15,286900.0
2017-11-08,10303.15,274500.0
2017-11-09,10308.95,240200.0
2017-11-10,10321.75,279400.0
2017-11-13,10224.95,210300.0
2017-11-14,10186.6,305000.0
2017-11-15,10118.05,207400.0
2017-11-16,10214.75,182600.0
2017-11-17,10283.6,203300.0
2017-11-20,10298.75,147200.0
2017-11-21,10326.9,186100.0
2017-11-22,10342.3,157600.0
2017-11-23,10348.75,153000.0
2017-11-24,10389.7,129200.0
2017-11-27,10399.55,141900.0
2017-11-28,10370.25,196000.0
2017-11-29,10361.3,152500.0
2017-11-30,10226.55,342500.0
2017-12-01,10121.8,143400.0
2017-12-04,10127.75,148600.0
2017-12-05,10118.25,155500.0
2017-12-06,10044.1,166100.0
2017-12-07,10166.7,166200.0
2017-12-08,10265.65,200000.0
2017-12-11,10322.25,147400.0
2017-12-12,10240.15,175100.0
2017-12-13,10192.95,181600.0
2017-12-14,10252.1,154300.0
2017-12-15,10333.25,255100.0
2017-12-18,10388.75,230400.0
2017-12-19,10463.2,169100.0
2017-12-20,10444.2,175200.0
2017-12-21,10440.3,151900.0
2017-12-22,10493.0,138800.0
2017-12-26,10531.5,155600.0
2017-12-27,10490.75,165200.0
2017-12-28,10477.9,272900.0
2017-12-29,10530.7,152000.0
2018-01-02,10442.2,153400.0
2018-01-03,10443.2,167300.0
2018-01-04,10504.8,174900.0
2018-01-05,10558.85,180900.0
2018-01-08,10623.6,169000.0
2018-01-09,10637.0,205000.0
2018-01-10,10632.2,176400.0
2018-01-11,10651.2,153800.0
2018-01-12,10681.25,175200.0
2018-01-15,10741.55,175900.0
2018-01-16,10700.45,211000.0
2018-01-17,10788.55,252700.0
2018-01-18,10817.0,312000.0
2018-01-19,10894.7,207600.0
2018-01-22,10966.2,231600.0
2018-01-23,11083.7,284600.0
2018-01-24,11086.0,283400.0
2018-01-25,11069.65,330300.0
2018-01-29,11130.4,241700.0
2018-01-30,11049.65,228000.0
2018-01-31,11027.7,245900.0
2018-02-01,11016.9,306200.0
2018-02-02,10760.6,282700.0
2018-02-05,10666.55,240100.0
2018-02-06,10498.25,266500.0
2018-02-07,10476.7,250400.0
2018-02-08,10576.85,232200.0
2018-02-09,10454.95,191600.0
2018-02-12,10539.75,217400.0
2018-02-14,10500.9,229200.0
2018-02-15,10545.5,210600.0
2018-02-16,10452.3,184300.0
2018-02-19,10378.4,187300.0
2018-02-20,10360.4,187700.0
2018-02-21,10397.45,234100.0
2018-02-22,10382.7,313600.0
2018-02-23,10491.05,210600.0
2018-02-26,10582.6,171900.0
2018-02-27,10554.3,187500.0
2018-02-28,10492.85,286000.0
2018-03-01,10458.35,176000.0
2018-03-05,10358.85,194000.0
2018-03-06,10249.25,222900.0
2018-03-07,10154.2,249500.0
2018-03-08,10242.65,226400.0
2018-03-09,10226.85,186500.0
2018-03-12,10421.4,216400.0
2018-03-13,10426.85,266700.0
2018-03-14,10410.9,181400.0
2018-03-15,10360.15,173900.0
2018-03-16,10195.15,328500.0
2018-03-19,10094.25,210200.0
2018-03-20,10124.35,203000.0
2018-03-21,10155.25,204800.0
2018-03-22,10114.75,230500.0
2018-03-23,9998.05,285700.0
2018-03-26,10130.65,262600.0
2018-03-27,10184.15,225700.0
2018-03-28,10113.7,344400.0
2018-04-02,10211.8,225400.0
2018-04-03,10245.0,205300.0
2018-04-04,10128.4,231100.0
2018-04-05,10325.15,236800.0
2018-04-06,10331.6,200200.0
2018-04-09,10379.35,221600.0
2018-04-10,10402.25,251700.0
2018-04-11,10417.15,250400.0
2018-04-12,10458.65,238600.0
2018-04-13,10480.6,213100.0
2018-04-16,10528.35,195000.0
2018-04-17,10548.7,206100.0
2018-04-18,10526.2,205400.0
2018-04-19,10565.3,262600.0
2018-04-20,10564.05,244600.0
2018-04-23,10584.7,194200.0
2018-04-24,10614.35,219200.0
2018-04-25,10570.55,189200.0
2018-04-26,10617.8,335100.0
2018-04-27,10692.3,
2018-04-30,10739.35,173800.0
2018-05-02,10718.05,229700.0
2018-05-03,10679.65,185200.0
2018-05-04,10618.25,186500.0
2018-05-07,10715.5,168400.0
2018-05-08,10717.8,269800.0
2018-05-09,10741.7,215400.0
2018-05-10,10716.55,192100.0
2018-05-11,10806.5,203100.0
2018-05-14,10806.6,171400.0
2018-05-15,10801.85,254300.0
2018-05-16,10741.1,231100.0
2018-05-17,10682.7,214100.0
2018-05-18,10596.4,223000.0
2018-05-21,10516.7,
2018-05-22,10536.7,241700.0
2018-05-23,10430.35,290900.0
2018-05-24,10513.85,297600.0
2018-05-25,10605.15,260800.0
2018-05-28,10688.65,232600.0
2018-05-29,10633.3,225800.0
2018-05-30,10614.35,238700.0
2018-05-31,10736.15,610300.0
2018-06-01,10696.2,220600.0
2018-06-04,10628.5,203800.0
2018-06-05,10593.15,167700.0
2018-06-06,10684.65,189900.0
2018-06-07,10768.35,220900.0
2018-06-08,10767.65,209400.0
2018-06-11,10786.95,211400.0
2018-06-12,10842.85,198300.0
2018-06-13,10856.7,213400.0
2018-06-14,10808.05,184300.0
2018-06-15,10817.7,305400.0
2018-06-18,10799.85,196600.0
2018-06-19,10710.45,224500.0
2018-06-20,10772.05,193500.0
2018-06-21,10741.1,223600.0
2018-06-22,10821.85,229800.0
2018-06-25,10762.45,229600.0
2018-06-26,10769.15,220000.0
2018-06-27,10671.4,246000.0
2018-06-28,10589.1,352300.0
2018-06-29,10714.3,242800.0
2018-07-02,10657.3,295400.0
2018-07-03,10699.9,202100.0
2018-07-04,10769.9,173900.0
2018-07-05,10749.75,220500.0
2018-07-06,10772.65,
2018-07-09,10852.9,183600.0
2018-07-10,10947.25,197000.0
2018-07-11,10948.3,222300.0
2018-07-12,11023.2,248300.0
2018-07-13,11018.9,
2018-07-16,10936.85,210500.0
2018-07-17,11008.05,210600.0
2018-07-18,10980.45,225500.0
2018-07-19,10957.1,215400.0
2018-07-20,11010.2,187300.0
2018-07-23,11084.75,229100.0
2018-07-24,11134.3,205800.0
2018-07-25,11132.0,205900.0
2018-07-26,11167.3,365400.0
2018-07-27,11278.35,314600.0
2018-07-30,11319.55,278800.0
2018-07-31,11356.5,256500.0
2018-08-01,11346.2,269700.0
2018-08-02,11244.7,210000.0
2018-08-03,11360.8,218300.0
2018-08-06,11387.1,203700.0
2018-08-07,11389.45,226400.0
2018-08-08,11450.0,210500.0
2018-08-09,11470.7,302200.0
2018-08-10,11429.5,
2018-08-13,11355.75,246900.0
2018-08-14,11435.1,232600.0
2018-08-16,11385.05,290600.0
2018-08-17,11470.75,234700.0
2018-08-20,11551.75,232600.0
2018-08-21,11570.9,224200.0
2018-08-23,11582.75,248500.0
2018-08-24,11557.1,218800.0
2018-08-27,11691.95,199500.0
2018-08-28,11738.5,241900.0
2018-08-29,11691.9,251600.0
2018-08-30,11676.8,313800.0
2018-08-31,11680.5,346500.0
2018-09-03,11582.35,234400.0
2018-09-04,11520.3,254800.0
2018-09-05,11476.95,246100.0
2018-09-06,11536.9,247900.0
2018-09-07,11589.1,295900.0
2018-09-10,11438.1,286700.0
2018-09-11,11287.5,
2018-09-12,11369.9,268200.0
2018-09-14,11515.2,276600.0
2018-09-17,11377.75,201400.0
2018-09-18,11278.9,240900.0
2018-09-19,11234.35,250600.0
2018-09-21,11143.1,719000.0
2018-09-24,10967.4,
2018-09-25,11067.45,405000.0
2018-09-26,11053.8,340500.0
2018-09-27,10977.55,405700.0
2018-09-28,10930.45,478100.0
2018-10-01,11008.3,387000.0
2018-10-03,10858.25,386800.0
2018-10-04,10599.25,425100.0
2018-10-05,10316.45,606400.0
2018-10-08,10348.05,456200.0
2018-10-09,10301.05,430500.0
2018-10-10,10460.1,
2018-10-11,10234.65,483500.0
2018-10-12,10472.5,343500.0
2018-10-15,10512.5,259500.0
2018-10-16,10584.75,265200.0
2018-10-17,10453.05,284800.0
2018-10-19,10303.55,357500.0
2018-10-22,10245.25,297300.0
2018-10-23,10146.8,302600.0
2018-10-24,10224.75,351400.0
2018-10-25,10124.9,
2018-10-26,10030.0,364300.0
2018-10-29,10250.85,364400.0
2018-10-30,10198.4,289800.0
2018-10-31,10386.6,375000.0
2018-11-01,10380.45,348500.0
2018-11-02,10553.0,421200.0
2018-11-05,10524.0,301900.0
2018-11-06,10530.0,
2018-11-07,10598.4,31200.0
2018-11-09,10585.2,296600.0
2018-11-12,10482.2,259700.0
2018-11-13,10582.5,254600.0
2018-11-14,10576.3,384500.0
2018-11-15,10616.7,
2018-11-16,10682.2,342800.0
2018-11-19,10763.4,272100.0
2018-11-20,10656.2,295200.0
2018-11-21,10600.05,300900.0
2018-11-22,10526.75,239500.0
2018-11-26,10628.6,
2018-11-27,10685.6,
2018-11-28,10728.85,424500.0
2018-11-29,10858.7,691300.0
2018-11-30,10876.75,453900.0
2018-12-03,10883.75,409700.0
2018-12-04,10869.5,322100.0
2018-12-05,10782.9,312300.0
2018-12-06,10601.15,318500.0
2018-12-07,10693.7,325800.0
2018-12-10,10488.45,381300.0
2018-12-11,10549.15,425500.0
2018-12-12,10737.6,360500.0
2018-12-13,10791.55,376200.0
2018-12-14,10805.45,340100.0
2018-12-17,10888.35,296900.0
2018-12-18,10908.7,286100.0
2018-12-19,10967.3,312100.0
2018-12-20,10951.7,318900.0
2018-12-21,10754.0,377500.0
2018-12-24,10663.5,223400.0
2018-12-26,10729.85,263700.0
2018-12-27,10779.8,456100.0
2018-12-28,10859.9,245500.0
2018-12-31,10862.55,180900.0
2019-01-02,10792.5,309700.0
2019-01-03,10672.25,286200.0
2019-01-04,10727.35,296600.0
2019-01-07,10771.8,269400.0
2019-01-08,10802.15,277700.0
2019-01-09,10855.15,333000.0
2019-01-10,10821.6,254400.0
2019-01-11,10794.95,260800.0
2019-01-14,10737.6,298800.0
2019-01-15,10886.8,310700.0
2019-01-16,10890.3,276500.0
2019-01-17,10905.2,271700.0
2019-01-18,10906.95,323800.0
2019-01-21,10961.85,288800.0
2019-01-22,10922.75,300800.0
2019-01-23,10831.5,298900.0
2019-01-24,10849.8,361100.0
2019-01-25,10780.55,463400.0
2019-01-28,10661.55,419700.0
2019-01-29,10652.2,356900.0
2019-01-30,10651.8,410100.0
2019-01-31,10830.95,604800.0
2019-02-01,10893.65,482300.0
2019-02-04,10912.25,318300.0
2019-02-05,10934.35,268100.0
2019-02-06,11062.45,298500.0
2019-02-07,11069.4,263500.0
2019-02-08,10943.6,352800.0
2019-02-11,10888.8,286000.0
2019-02-12,10831.4,292300.0
2019-02-14,10746.05,627000.0
2019-02-15,10724.4,521900.0
2019-02-18,10640.95,345400.0
2019-02-19,10604.35,291500.0
2019-02-20,10735.45,289200.0
2019-02-21,10789.85,279600.0
2019-02-22,10791.65,396800.0
2019-02-25,10880.1,385900.0
2019-02-26,10835.3,415000.0
2019-02-27,10806.65,381100.0
2019-02-28,10792.5,644200.0
2019-03-01,10863.5,308500.0
2019-03-05,10987.45,373200.0
2019-03-06,11053.0,372600.0
2019-03-07,11058.2,321200.0
2019-03-08,11035.4,326600.0
2019-03-11,11168.05,352200.0
2019-03-12,11301.2,391300.0
2019-03-13,11341.7,383000.0
2019-03-14,11343.25,294500.0
2019-03-15,11426.85,463700.0
2019-03-18,11462.2,320300.0
2019-03-19,11532.4,326100.0
2019-03-20,11521.05,366300.0
2019-03-22,11456.9,386200.0
2019-03-25,11354.25,294500.0
2019-03-26,11483.25,282600.0
2019-03-27,11445.05,350400.0
2019-03-28,11570.0,527700.0
2019-03-29,11623.9,
2019-04-01,11669.15,379600.0
2019-04-02,11713.2,386100.0
2019-04-03,11643.95,365800.0
2019-04-04,11598.0,349000.0
2019-04-05,11665.95,266700.0
2019-04-08,11604.5,260900.0
2019-04-09,11671.95,300500.0
2019-04-10,11584.3,359900.0
2019-04-11,11596.7,279800.0
2019-04-12,11643.45,246000.0
2019-04-15,11690.35,290000.0
2019-04-16,11787.15,354300.0
2019-04-18,11752.8,339700.0
2019-04-22,11594.45,260400.0
2019-04-23,11575.95,272500.0
2019-04-24,11726.15,335200.0
2019-04-25,11641.8,604400.0
2019-04-26,11754.65,333500.0
2019-04-30,11748.15,532600.0
2019-05-02,11724.75,380300.0
2019-05-03,11712.25,305500.0
2019-05-06,11598.25,299000.0
2019-05-07,11497.9,337500.0
2019-05-08,11359.45,372800.0
2019-05-09,11301.8,373000.0
2019-05-10,11278.9,387300.0
2019-05-13,11148.2,357600.0
2019-05-14,11222.05,398100.0
2019-05-15,11157.0,414200.0
2019-05-16,11257.1,350700.0
2019-05-17,11407.15,412100.0
2019-05-20,11828.25,452100.0
2019-05-21,11709.1,381000.0
2019-05-22,11737.9,355900.0
2019-05-23,11657.05,569000.0
2019-05-24,11844.1,374600.0
2019-05-27,11924.75,348400.0
2019-05-28,11928.75,598300.0
2019-05-29,11861.1,318100.0
2019-05-30,11945.9,421200.0
2019-05-31,11922.8,438900.0
2019-06-03,12088.55,315300.0
2019-06-04,12021.65,289200.0
2019-06-06,11843.75,415200.0
2019-06-07,11870.65,302500.0
2019-06-10,11922.7,303300.0
2019-06-11,11965.6,332200.0
2019-06-12,11906.2,283700.0
2019-06-13,11914.05,447900.0
2019-06-14,11823.3,390300.0
2019-06-17,11672.15,295500.0
2019-06-18,11691.5,365500.0
2019-06-19,11691.45,446900.0
2019-06-20,11831.75,442000.0
2019-06-21,11724.1,468400.0
2019-06-24,11699.65,277600.0
2019-06-25,11796.45,300500.0
2019-06-26,11847.55,327900.0
2019-06-27,11841.55,480200.0
2019-06-28,11788.85,303900.0
2019-07-01,11865.6,278400.0
2019-07-02,11910.3,363200.0
2019-07-03,11916.75,340500.0
2019-07-04,11946.75,333600.0
2019-07-05,11811.15,530700.0
2019-07-08,11558.6,464000.0
2019-07-09,11555.9,442500.0
2019-07-10,11498.9,337600.0
2019-07-11,11582.9,317300.0
2019-07-12,11552.5,359400.0
2019-07-15,11588.35,368800.0
2019-07-16,11662.6,480200.0
2019-07-17,11687.5,464800.0
2019-07-18,11596.9,498300.0
2019-07-19,11419.25,446000.0
2019-07-22,11346.2,516000.0
2019-07-23,11331.05,458900.0
2019-07-24,11271.3,413200.0
2019-07-25,11252.15,553700.0
2019-07-26,11284.3,522700.0
2019-07-29,11189.2,482900.0
2019-07-30,11085.4,479100.0
2019-07-31,11118.0,536700.0
2019-08-01,10980.0,499900.0
2019-08-02,10997.35,547400.0
2019-08-05,10862.6,506600.0
2019-08-06,10948.25,517900.0
2019-08-07,10855.5,548500.0
2019-08-08,11032.45,482500.0
2019-08-09,11109.65,538100.0
2019-08-13,10925.85,624600.0
2019-08-14,11029.4,511500.0
2019-08-16,11047.8,470900.0
2019-08-19,11053.9,369500.0
2019-08-20,11017.0,444700.0
2019-08-21,10918.7,557900.0
2019-08-22,10741.35,668200.0
2019-08-23,10829.35,667100.0
2019-08-26,11057.85,684100.0
2019-08-27,11105.35,685600.0
2019-08-28,11046.1,550000.0
2019-08-29,10948.3,649900.0
2019-08-30,11023.25,628200.0
2019-09-03,10797.9,483000.0
2019-09-04,10844.65,508800.0
2019-09-05,10847.9,595700.0
2019-09-06,10946.2,497200.0
2019-09-09,11003.05,412500.0
2019-09-11,11035.7,687100.0
2019-09-12,10982.8,551400.0
2019-09-13,11075.9,624300.0
2019-09-16,11003.5,434500.0
2019-09-17,10817.6,482000.0
2019-09-18,10840.65,519200.0
2019-09-19,10704.8,642600.0
2019-09-20,11274.2,1356800.0
2019-09-23,11600.2,882800.0
2019-09-24,11588.2,651700.0
2019-09-25,11440.2,629100.0
2019-09-26,11571.2,844500.0
2019-09-27,11512.4,650000.0
2019-09-30,11474.45,756800.0
2019-10-01,11359.9,1305400.0
2019-10-03,11314.0,1017500.0
2019-10-04,11174.75,928500.0
2019-10-07,11126.4,733200.0
2019-10-09,11313.3,741100.0
2019-10-10,11234.55,562000.0
2019-10-11,11305.05,737800.0
2019-10-14,11341.15,587600.0
2019-10-15,11428.3,527400.0
2019-10-16,11464.0,533500.0
2019-10-17,11586.35,797600.0
2019-10-18,11661.85,853400.0
2019-10-22,11588.35,867600.0
2019-10-23,11604.1,664200.0
2019-10-24,11582.6,700500.0
2019-10-25,11583.9,812000.0
2019-10-29,11786.85,951700.0
2019-10-30,11844.1,725200.0
2019-10-31,11877.45,1414800.0
2019-11-01,11890.6,855300.0
2019-11-04,11941.3,823100.0
2019-11-05,11917.2,632000.0
2019-11-06,11966.05,603400.0
2019-11-07,12012.05,563000.0
2019-11-08,11908.15,789300.0
2019-11-11,11913.45,549000.0
2019-11-13,11840.45,659000.0
2019-11-14,11872.1,559500.0
2019-11-15,11895.45,580200.0
2019-11-18,11884.5,514400.0
2019-11-19,11940.1,613900.0
2019-11-20,11999.1,646700.0
2019-11-21,11968.4,557700.0
2019-11-22,11914.4,486800.0
2019-11-25,12073.75,534300.0
2019-11-26,12037.7,1201300.0
2019-11-27,12100.7,584200.0
2019-11-28,12151.15,620500.0
2019-11-29,12056.05,804400.0
2019-12-02,12048.2,720900.0
2019-12-03,11994.2,605800.0
2019-12-04,12043.2,747200.0
2019-12-05,12018.4,562200.0
2019-12-06,11921.5,609200.0
2019-12-09,11937.5,599100.0
2019-12-10,11856.8,650200.0
2019-12-11,11910.15,997700.0
2019-12-12,11971.8,752600.0
2019-12-13,12086.7,597700.0
2019-12-16,12053.95,437700.0
2019-12-17,12165.0,499600.0
2019-12-18,12221.65,518900.0
2019-12-19,12259.7,623100.0
2019-12-20,12271.8,810700.0
2019-12-23,12262.75,604800.0
2019-12-24,12214.55,470300.0
2019-12-26,12126.55,520300.0
2019-12-27,12245.8,383800.0
2019-12-30,12255.85,411100.0
2019-12-31,12168.45,426900.0
2020-01-01,12182.5,304100.0
2020-01-02,12282.2,407700.0
2020-01-03,12226.65,428800.0
2020-01-06,11993.05,396500.0
2020-01-07,12052.95,447800.0
2020-01-08,12025.35,446000.0
2020-01-09,12215.9,477500.0
2020-01-10,12256.8,660600.0
2020-01-13,12329.55,501000.0
2020-01-14,12362.3,616300.0
2020-01-15,12343.3,684400.0
2020-01-16,12355.5,395700.0
2020-01-17,12352.35,502100.0
2020-01-20,12224.55,491600.0
2020-01-21,12169.85,400.0
2020-01-22,12106.9,500.0
2020-01-23,12180.35,867700.0
2020-01-24,12248.25,593200.0
2020-01-27,12119.0,441200.0
2020-01-28,12055.8,478500.0
2020-01-29,12129.5,514400.0
2020-01-30,12035.8,538100.0
2020-01-31,11962.1,771300.0
2020-02-03,11707.9,669800.0
2020-02-04,11979.65,560400.0
2020-02-05,12089.15,758000.0
2020-02-06,12137.95,565100.0
2020-02-07,12098.35,473500.0
2020-02-10,12031.5,524700.0
2020-02-11,12107.9,480000.0
2020-02-12,12201.2,411700.0
2020-02-13,12174.65,501200.0
2020-02-14,12113.45,622800.0
2020-02-17,12045.8,
2020-02-18,11992.5,676900.0
2020-02-19,12125.9,513600.0
2020-02-20,12080.85,502600.0
2020-02-24,11829.4,490800.0
2020-02-25,11797.9,461000.0
2020-02-26,11678.5,567600.0
2020-02-27,11633.3,608600.0
2020-02-28,11201.75,809900.0
2020-03-02,11132.75,680800.0
2020-03-03,11303.3,696500.0
2020-03-04,11251.0,797700.0
2020-03-05,11269.0,1352500.0
2020-03-06,10989.45,1811000.0
2020-03-09,10451.45,1565500.0
2020-03-11,10458.4,1218500.0
2020-03-12,9590.15,1343500.0
2020-03-13,9955.2,1388000.0
2020-03-16,9197.4,897700.0
2020-03-17,8967.05,935600.0
2020-03-18,8468.8,1516600.0
2020-03-19,8263.45,925700.0
2020-03-20,8745.45,1071500.0
2020-03-23,7610.25,653500.0
2020-03-24,7801.05,738400.0
2020-03-25,8317.85,736900.0
2020-03-26,8641.45,865600.0
2020-03-27,8660.25,801500.0
2020-03-30,8281.1,593300.0
2020-03-31,8597.75,712700.0
2020-04-01,8253.8,506300.0
2020-04-03,8083.8,697000.0
2020-04-07,8792.2,814200.0
2020-04-08,8748.75,896500.0
2020-04-09,9111.9,742100.0
2020-04-13,8993.85,644000.0
2020-04-15,8925.3,879100.0
2020-04-16,8992.8,719400.0
2020-04-17,9266.75,684200.0
2020-04-20,9261.85,726400.0
2020-04-21,8981.45,655100.0
2020-04-22,9187.3,734400.0
2020-04-23,9313.9,666700.0
2020-04-24,9154.4,659400.0
2020-04-27,9282.3,512800.0
2020-04-28,9380.9,614500.0
2020-04-29,9553.35,653000.0
2020-04-30,9859.9,931200.0
2020-05-04,9293.5,687500.0
2020-05-05,9205.6,725200.0
2020-05-06,9270.9,722200.0
2020-05-07,9199.05,708700.0
2020-05-08,9251.5,609100.0
2020-05-11,9239.2,704600.0
2020-05-12,9196.55,805500.0
2020-05-13,9383.55,846400.0
2020-05-14,9142.75,602600.0
2020-05-15,9136.85,575900.0
2020-05-18,8823.25,773000.0
2020-05-19,8879.1,762200.0
2020-05-20,9066.55,622300.0
2020-05-21,9106.25,631500.0
2020-05-22,9039.25,675800.0
2020-05-26,9029.05,655000.0
2020-05-27,9314.95,763500.0
2020-05-28,9490.1,837900.0
2020-05-29,9580.3,967000.0
2020-06-01,9826.15,794200.0
2020-06-02,9979.1,770200.0
2020-06-03,10061.55,794700.0
2020-06-04,10029.1,775100.0
2020-06-05,10142.15,987100.0
2020-06-08,10167.45,936500.0
2020-06-09,10046.65,754200.0
2020-06-10,10116.15,632400.0
2020-06-11,9902.0,715500.0
2020-06-12,9972.9,796300.0
2020-06-15,9813.7,716100.0
2020-06-16,9914.0,899900.0
2020-06-17,9881.15,685400.0
2020-06-18,10091.65,622900.0
2020-06-19,10244.4,892100.0
2020-06-22,10311.2,685400.0
2020-06-23,10471.0,669200.0
2020-06-24,10305.3,854800.0
2020-06-25,10288.9,994200.0
2020-06-26,10383.0,671900.0
2020-06-29,10312.4,574500.0
2020-06-30,10302.1,556200.0
2020-07-01,10430.05,573600.0
2020-07-02,10551.7,597400.0
2020-07-03,10607.35,525200.0
2020-07-06,10763.65,571200.0
2020-07-07,10799.65,636800.0
2020-07-08,10705.75,767900.0
2020-07-09,10813.45,618700.0
2020-07-10,10768.05,590700.0
2020-07-13,10802.7,554100.0
2020-07-14,10607.35,532400.0
2020-07-15,10618.2,715900.0
2020-07-16,10739.95,694400.0
2020-07-17,10901.7,676900.0
2020-07-20,11022.2,554300.0
2020-07-21,11162.25,772000.0
2020-07-22,11132.6,765100.0
2020-07-23,11215.45,621600.0
2020-07-24,11194.15,678900.0
2020-07-27,11131.8,588100.0
2020-07-28,11300.55,683900.0
2020-07-29,11202.85,600700.0
2020-07-30,11102.15,677800.0
2020-07-31,11073.45,642600.0
2020-08-03,10891.6,680900.0
2020-08-04,11095.25,625700.0
2020-08-05,11101.65,667600.0
2020-08-06,11200.15,600400.0
2020-08-07,11214.05,452600.0
2020-08-10,11270.15,492000.0
2020-08-11,11322.5,586100.0
2020-08-12,11308.4,609900.0
2020-08-13,11300.45,562400.0
2020-08-14,11178.4,645100.0
2020-08-17,11247.1,634000.0
2020-08-18,11385.35,579200.0
2020-08-19,11408.4,626200.0
2020-08-20,11312.2,791600.0
2020-08-21,11371.6,668700.0
2020-08-24,11466.45,532900.0
2020-08-25,11472.25,638200.0
2020-08-26,11549.6,743400.0
2020-08-27,11559.25,719800.0
2020-08-28,11647.6,807000.0
2020-08-31,11387.5,1371800.0
2020-09-01,11470.25,783800.0
2020-09-02,11535.0,593500.0
2020-09-03,11527.45,607100.0
2020-09-04,11333.85,681300.0
2020-09-07,11355.05,560300.0
2020-09-08,11317.35,572200.0
2020-09-09,11278.0,728900.0
2020-09-10,11449.25,679400.0
2020-09-11,11464.45,554800.0
2020-09-14,11440.05,642300.0
2020-09-15,11521.8,506700.0
2020-09-16,11604.55,527800.0
2020-09-17,11516.1,
2020-09-18,11504.95,764200.0
2020-09-21,11250.55,602900.0
2020-09-22,11153.65,672200.0
2020-09-23,11131.85,714900.0
2020-09-24,10805.55,706100.0
2020-09-25,11050.25,559600.0
2020-09-28,11227.55,472800.0
2020-09-29,11222.4,498300.0
2020-09-30,11247.55,499300.0
2020-10-01,11416.95,447700.0
2020-10-05,11503.35,530600.0
2020-10-06,11662.4,561400.0
2020-10-07,11738.85,513400.0
2020-10-08,11834.6,608800.0
2020-10-09,11914.2,611100.0
2020-10-12,11930.95,522600.0
2020-10-13,11934.5,458300.0
2020-10-14,11971.05,569200.0
2020-10-15,11680.35,608900.0
2020-10-16,11762.45,555800.0
2020-10-19,11873.05,541400.0
2020-10-20,11896.8,453600.0
2020-10-21,11937.65,623700.0
2020-10-22,11896.45,544900.0
2020-10-23,11930.35,502300.0
2020-10-26,11767.75,519800.0
2020-10-27,11889.4,616300.0
2020-10-28,11729.6,704000.0
2020-10-29,11670.8,555000.0
2020-10-30,11642.4,553700.0
2020-11-02,11669.15,568400.0
2020-11-03,11813.5,674300.0
2020-11-04,11908.5,667300.0
2020-11-05,12120.3,632500.0
2020-11-06,12263.55,576800.0
2020-11-09,12461.05,553400.0
2020-11-10,12631.1,847500.0
2020-11-11,12749.15,880500.0
2020-11-12,12690.8,622000.0
2020-11-13,12719.95,513900.0
2020-11-17,12874.2,707700.0
2020-11-18,12938.25,731300.0
2020-11-19,12771.7,768800.0
2020-11-20,12859.05,664000.0
2020-11-23,12926.45,633100.0
2020-11-24,13055.15,571900.0
2020-11-25,12858.4,679000.0
2020-11-26,12987.0,549800.0
2020-11-27,12968.95,1162400.0
2020-12-01,13109.05,583600.0
2020-12-02,13113.75,717700.0
2020-12-03,13133.9,713700.0
2020-12-04,13258.55,640500.0
2020-12-07,13355.75,591700.0
2020-12-08,13392.95,543200.0
2020-12-09,13529.1,502600.0
2020-12-10,13478.3,553400.0
2020-12-11,13513.85,787700.0
2020-12-14,13558.15,558400.0
2020-12-15,13567.85,497600.0
2020-12-16,13682.7,462200.0
2020-12-17,13740.7,416000.0
2020-12-18,13760.55,519400.0
2020-12-21,13328.4,687300.0
2020-12-22,13466.3,696200.0
2020-12-23,13601.1,458700.0
2020-12-24,13749.25,471400.0
2020-12-28,13873.2,403600.0
2020-12-29,13932.6,439600.0
2020-12-30,13981.95,380700.0
2020-12-31,13981.75,452400.0
2021-01-01,14018.5,358100.0
2021-01-04,14132.9,495000.0
2021-01-05,14199.5,492500.0
2021-01-06,14146.25,632300.0
2021-01-07,14137.35,559200.0
2021-01-08,14347.25,613500.0
2021-01-11,14484.75,672900.0
2021-01-12,14563.45,929600.0
2021-01-13,14564.85,874000.0
2021-01-14,14595.6,620200.0
2021-01-15,14433.7,789600.0
2021-01-18,14281.3,762000.0
2021-01-19,14521.15,546100.0
2021-01-20,14644.7,623100.0
2021-01-21,14590.35,704600.0
2021-01-22,14371.9,776800.0
2021-01-25,14238.9,618600.0
2021-01-27,13967.5,660700.0
2021-01-28,13817.55,637900.0
2021-01-29,13634.6,753200.0
2021-02-01,14281.2,870500.0
2021-02-02,14647.85,915000.0
2021-02-03,14789.95,869500.0
2021-02-04,14895.65,884700.0
2021-02-05,14924.25,935600.0
2021-02-08,15115.8,671200.0
2021-02-09,15109.3,713300.0
2021-02-10,15106.5,624800.0
2021-02-11,15173.3,500100.0
2021-02-12,15163.3,571800.0
2021-02-15,15314.7,456000.0
2021-02-16,15313.45,648500.0
2021-02-17,15208.9,504800.0
2021-02-18,15118.95,770600.0
2021-02-19,14981.75,712200.0
2021-02-22,14675.7,609900.0
2021-02-23,14707.8,744100.0
2021-02-24,14982.0,403800.0
2021-02-25,15097.35,803900.0
2021-02-26,14529.15,1103600.0
2021-03-01,14761.55,507300.0
2021-03-02,14919.1,621700.0
2021-03-03,15245.6,544200.0
2021-03-04,15080.75,534900.0
2021-03-05,14938.1,640700.0
2021-03-08,14956.2,
2021-03-09,15098.4,675300.0
2021-03-10,15174.8,404600.0
2021-03-12,15030.95,493200.0
2021-03-15,14929.5,467500.0
2021-03-16,14910.45,100.0
2021-03-17,14721.3,100.0
2021-03-18,14557.85,542200.0
2021-03-19,14744.0,919200.0
2021-03-22,14736.4,459000.0
2021-03-23,14814.75,474200.0
2021-03-24,14549.4,456400.0
2021-03-25,14324.9,606800.0
2021-03-26,14507.3,481000.0
2021-03-30,14845.1,594500.0
2021-03-31,14690.7,463900.0
2021-04-01,14867.35,445000.0
2021-04-05,14637.8,509700.0
2021-04-06,14683.5,475300.0
2021-04-07,14819.05,
2021-04-08,14873.8,514800.0
2021-04-09,14834.85,504100.0
2021-04-12,14310.8,650200.0
2021-04-13,14504.8,605100.0
2021-04-15,14581.45,568000.0
2021-04-16,14617.85,577200.0
2021-04-19,14359.45,512300.0
2021-04-20,14296.4,467400.0
2021-04-22,14406.15,524600.0
2021-04-23,14341.35,498100.0
2021-04-26,14485.0,452700.0
2021-04-27,14653.05,451800.0
2021-04-28,14864.55,457000.0
2021-04-29,14894.9,517500.0
2021-04-30,14631.1,613900.0
2021-05-03,14634.15,448900.0
2021-05-04,14496.5,503400.0
2021-05-05,14617.85,455900.0
2021-05-06,14724.8,467800.0
2021-05-07,14823.15,488000.0
2021-05-10,14942.35,522000.0
2021-05-11,14850.75,647400.0
2021-05-12,14696.5,643800.0
2021-05-14,14677.8,620700.0
2021-05-17,14923.15,546400.0
2021-05-18,15108.1,583900.0
2021-05-19,15030.15,569100.0
2021-05-20,14906.05,480300.0
2021-05-21,15175.3,572900.0
2021-05-24,15197.7,579800.0
2021-05-25,15208.45,441500.0
2021-05-26,15301.45,384000.0
2021-05-27,15337.85,
2021-05-28,15435.65,468100.0
2021-05-31,15582.8,436000.0
2021-06-01,15574.85,409600.0
2021-06-02,15576.2,428600.0
2021-06-03,15690.35,410200.0
2021-06-04,15670.25,414200.0
2021-06-07,15751.65,394000.0
2021-06-08,15740.1,378200.0
2021-06-09,15635.35,457900.0
2021-06-10,15737.75,298300.0
2021-06-11,15799.35,363000.0
2021-06-14,15811.85,392900.0
2021-06-15,15869.25,323300.0
2021-06-16,15767.55,340200.0
2021-06-17,15691.4,357600.0
2021-06-18,15683.35,640800.0
2021-06-21,15746.5,351500.0
2021-06-22,15772.75,322200.0
2021-06-23,15686.95,287500.0
2021-06-24,15790.45,316700.0
2021-06-25,15860.35,314600.0
2021-06-28,15814.7,255100.0
2021-06-29,15748.45,360300.0
2021-06-30,15721.5,262400.0
2021-07-01,15680.0,224900.0
2021-07-02,15722.2,254800.0
2021-07-05,15834.35,207000.0
2021-07-06,15818.25,391400.0
2021-07-07,15879.65,329300.0
2021-07-08,15727.9,307900.0
2021-07-09,15689.8,243200.0
2021-07-12,15692.6,216300.0
2021-07-13,15812.35,246700.0
2021-07-14,15853.95,
2021-07-15,15924.2,284900.0
2021-07-16,15923.4,276300.0
2021-07-19,15752.4,242100.0
2021-07-20,15632.1,274300.0
2021-07-22,15824.05,265300.0
2021-07-23,15856.05,294100.0
2021-07-26,15824.45,267100.0
2021-07-27,15746.45,311000.0
2021-07-28,15709.4,318600.0
2021-07-29,15778.45,401600.0
2021-07-30,15763.05,400000.0
2021-08-02,15885.15,244800.0
2021-08-03,16130.75,341300.0
2021-08-04,16258.8,427300.0
2021-08-05,16294.6,418200.0
2021-08-06,16238.2,320100.0
2021-08-09,16258.25,240500.0
2021-08-10,16280.1,288000.0
2021-08-11,16282.25,277900.0
2021-08-12,16364.4,280200.0
2021-08-13,16529.1,321900.0
2021-08-16,16563.05,254000.0
2021-08-17,16614.6,297400.0
2021-08-18,16568.85,251800.0
2021-08-20,16450.5,350800.0
2021-08-23,16496.45,275600.0
2021-08-24,16624.6,275400.0
2021-08-25,16634.65,265900.0
2021-08-26,16636.9,253500.0
2021-08-27,16705.2,217400.0
2021-08-30,16931.05,283500.0
2021-08-31,17132.2,464400.0
2021-09-01,17076.25,301900.0
2021-09-02,17234.15,242400.0
2021-09-03,17323.6,261400.0
2021-09-06,17377.8,228000.0
2021-09-07,17362.1,243400.0
2021-09-08,17353.5,252700.0
2021-09-09,17369.25,241500.0
2021-09-13,17355.3,241100.0
2021-09-14,17380.0,230400.0
2021-09-15,17519.45,388200.0
2021-09-16,17629.5,503300.0
2021-09-17,17585.15,508300.0
2021-09-20,17396.9,339100.0
2021-09-21,17562.0,363600.0
2021-09-22,17546.65,295200.0
2021-09-23,17822.95,320500.0
2021-09-24,17853.2,360100.0
2021-09-27,17855.1,295700.0
2021-09-28,17748.6,398000.0
2021-09-29,17711.3,562200.0
2021-09-30,17618.15,378600.0
2021-10-01,17532.05,305800.0
2021-10-04,17691.25,295800.0
2021-10-05,17822.3,427000.0
2021-10-06,17646.0,395800.0
2021-10-07,17790.35,419900.0
2021-10-08,17895.2,324100.0
2021-10-11,17945.95,375800.0
2021-10-12,17991.95,355600.0
2021-10-13,18161.75,506700.0
2021-10-14,18338.55,538700.0
2021-10-18,18477.05,469900.0
2021-10-19,18418.75,368200.0
2021-10-20,18266.6,371300.0
2021-10-21,18178.1,365900.0
2021-10-22,18114.9,324700.0
2021-10-25,18125.4,418700.0
2021-10-26,18268.4,341400.0
2021-10-27,18210.95,335200.0
2021-10-28,17857.25,374200.0
2021-10-29,17671.65,336500.0
2021-11-01,17929.65,281200.0
2021-11-02,17888.95,296400.0
2021-11-03,17829.2,331000.0
2021-11-04,17916.8,48500.0
2021-11-08,18068.55,338900.0
2021-11-09,18044.25,270200.0
2021-11-10,18017.2,261400.0
2021-11-11,17873.6,232100.0
2021-11-12,18102.75,249100.0
2021-11-15,18109.45,280400.0
2021-11-16,17999.2,267400.0
2021-11-17,17898.65,295700.0
2021-11-18,17764.8,278400.0
2021-11-22,17416.55,356400.0
2021-11-23,17503.35,308800.0
2021-11-24,17415.05,298100.0
2021-11-25,17536.25,255900.0
2021-11-26,17026.45,356300.0
2021-11-29,17053.95,348900.0
2021-11-30,16983.2,498000.0
2021-12-01,17166.9,295500.0
2021-12-02,17401.65,279900.0
2021-12-03,17196.7,292500.0
2021-12-06,16912.25,231700.0
2021-12-07,17176.7,254100.0
2021-12-08,17469.75,257800.0
2021-12-09,17516.85,237200.0
2021-12-10,17511.3,204500.0
2021-12-13,17368.25,256600.0
2021-12-14,17324.9,271000.0
2021-12-15,17221.4,215000.0
2021-12-16,17248.4,219500.0
2021-12-17,16985.2,354600.0
2021-12-20,16614.2,330600.0
2021-12-21,16770.85,241000.0
2021-12-22,16955.45,207900.0
2021-12-23,17072.6,197000.0
2021-12-24,17003.75,182600.0
2021-12-27,17086.25,144800.0
2021-12-28,17233.25,176000.0
2021-12-29,17213.6,161700.0
2021-12-30,17203.95,320800.0
2021-12-31,17354.05,167000.0
2022-01-03,17625.7,200500.0
2022-01-04,17805.25,247400.0
2022-01-05,17925.25,251500.0
2022-01-06,17745.9,236500.0
2022-01-07,17812.7,239300.0
2022-01-10,18003.3,232400.0
2022-01-11,18055.75,220200.0
2022-01-12,18212.35,245000.0
2022-01-13,18257.8,303700.0
2022-01-14,18255.75,229500.0
2022-01-17,18308.1,266700.0
2022-01-18,18113.05,227500.0
2022-01-19,17938.4,276700.0
2022-01-20,17757.0,258100.0
2022-01-21,17617.15,277600.0
2022-01-24,17149.1,323800.0
2022-01-25,17277.95,326500.0
2022-01-27,17110.15,395600.0
2022-01-28,17101.95,355300.0
2022-01-31,17339.85,321700.0
2022-02-01,17576.85,386400.0
2022-02-02,17780.0,271200.0
2022-02-03,17560.2,226600.0
2022-02-04,17516.3,261400.0
2022-02-07,17213.6,265000.0
2022-02-08,17266.75,268500.0
2022-02-09,17463.8,236400.0
2022-02-10,17605.85,273600.0
2022-02-11,17374.75,253100.0
2022-02-14,16842.8,305500.0
2022-02-15,17352.45,298700.0
2022-02-16,17322.2,244500.0
2022-02-17,17304.6,232100.0
2022-02-18,17276.3,189600.0
2022-02-21,17206.65,215200.0
2022-02-22,17092.2,300100.0
2022-02-23,17063.25,200200.0
2022-02-24,16247.95,458000.0
2022-02-25,16658.4,329800.0
2022-02-28,16793.9,404200.0
2022-03-02,16605.95,517700.0
2022-03-03,16498.05,442100.0
2022-03-04,16245.35,456100.0
2022-03-07,15863.15,585400.0
2022-03-08,16013.45,543600.0
2022-03-09,16345.35,462200.0
2022-03-10,16594.9,486400.0
2022-03-11,16630.45,343700.0
2022-03-14,16871.3,314700.0
2022-03-15,16663.0,381600.0
2022-03-16,16975.35,260000.0
2022-03-17,17287.05,448300.0
2022-03-21,17117.6,285500.0
2022-03-22,17315.5,338300.0
2022-03-23,17245.65,292100.0
2022-03-24,17222.75,290300.0
2022-03-25,17153.0,237100.0
2022-03-28,17222.0,253200.0
2022-03-29,17325.3,235100.0
2022-03-30,17498.25,505000.0
2022-03-31,17464.75,281100.0
2022-04-01,17670.45,291800.0
2022-04-04,18053.4,345500.0
2022-04-05,17957.4,283500.0
2022-04-06,17807.65,328800.0
2022-04-07,17639.55,308800.0
2022-04-08,17784.35,274400.0
2022-04-11,17674.95,251700.0
2022-04-12,17530.3,266000.0
2022-04-13,17475.65,245100.0
2022-04-18,17173.65,376100.0
2022-04-19,16958.65,401400.0
2022-04-20,17136.55,286100.0
2022-04-21,17392.6,285200.0
2022-04-22,17171.95,262700.0
2022-04-25,16953.95,275700.0
2022-04-26,17200.8,261100.0
2022-04-27,17038.4,265100.0
2022-04-28,17245.05,312900.0
2022-04-29,17102.55,336200.0
2022-05-02,17069.1,278200.0
2022-05-04,16677.6,310600.0
2022-05-05,16682.65,265800.0
2022-05-06,16411.25,300500.0
2022-05-09,16301.85,288400.0
2022-05-10,16240.05,283100.0
2022-05-11,16167.1,284300.0
2022-05-12,15808.0,314900.0
2022-05-13,15782.15,369100.0
2022-05-16,15842.3,217600.0
2022-05-17,16259.3,295700.0
2022-05-18,16240.3,290400.0
2022-05-19,15809.4,313900.0
2022-05-20,16266.15,252400.0
2022-05-23,16214.7,293800.0
2022-05-24,16125.15,249800.0
2022-05-25,16025.8,243300.0
2022-05-26,16170.15,314300.0
2022-05-27,16352.45,274100.0
2022-05-30,16661.4,251400.0
2022-05-31,16584.55,651600.0
2022-06-01,16522.75,249600.0
2022-06-02,16628.0,236000.0
2022-06-03,16584.3,245500.0
2022-06-06,16569.55,233600.0
2022-06-07,16416.35,233800.0
2022-06-08,16356.25,243500.0
2022-06-09,16478.1,205000.0
2022-06-10,16201.8,189700.0
2022-06-13,15774.4,225500.0
2022-06-14,15732.1,225400.0
2022-06-15,15692.15,183000.0
2022-06-16,15360.6,264700.0
2022-06-17,15293.5,342600.0
2022-06-20,15350.15,260000.0
2022-06-21,15638.8,262800.0
2022-06-22,15413.3,220900.0
2022-06-23,15556.65,259200.0
2022-06-24,15699.25,219600.0
2022-06-27,15832.05,210900.0
2022-06-28,15850.2,251900.0
2022-06-29,15799.1,444900.0
2022-06-30,15780.25,306000.0
2022-07-01,15752.05,364100.0
2022-07-04,15835.35,304300.0
2022-07-05,15810.85,254200.0
2022-07-06,15989.8,288400.0
2022-07-07,16132.9,264600.0
2022-07-08,16220.6,281100.0
2022-07-11,16216.0,255900.0
2022-07-12,16058.3,208600.0
2022-07-13,15966.65,233300.0
2022-07-14,15938.65,228600.0
2022-07-15,16049.2,205800.0
2022-07-18,16278.5,227700.0
2022-07-19,16340.55,222600.0
2022-07-20,16520.85,284400.0
2022-07-21,16605.25,243600.0
2022-07-22,16719.45,190900.0
2022-07-25,16631.0,211400.0
2022-07-26,16483.85,208200.0
2022-07-27,16641.8,185200.0
2022-07-28,16929.6,376300.0
2022-07-29,17158.25,436100.0
2022-08-01,17340.05,381500.0
2022-08-02,17345.45,333600.0
2022-08-03,17388.15,285400.0
2022-08-04,17382.0,325000.0
2022-08-05,17397.5,355300.0
2022-08-08,17525.1,257000.0
2022-08-10,17534.75,312700.0
2022-08-11,17659.0,311200.0
2022-08-12,17698.15,303900.0
2022-08-16,17825.25,
2022-08-17,17944.25,262800.0
2022-08-18,17956.5,263900.0
2022-08-19,17758.45,295600.0
2022-08-22,17490.7,287600.0
2022-08-23,17577.5,285600.0
2022-08-24,17604.95,262000.0
2022-08-25,17522.45,230200.0
2022-08-26,17558.9,266600.0
2022-08-29,17312.9,244900.0
2022-08-30,17759.3,324700.0
2022-09-01,17542.8,308500.0
2022-09-02,17539.45,256300.0
2022-09-05,17665.8,230300.0
2022-09-06,17655.6,251200.0
2022-09-07,17624.4,354100.0
2022-09-08,17798.75,279800.0
2022-09-09,17833.35,270300.0
2022-09-12,17936.35,228200.0
2022-09-13,18070.05,259900.0
2022-09-14,18003.75,365900.0
2022-09-15,17877.4,289600.0
2022-09-16,17530.85,468500.0
2022-09-19,17622.25,258300.0
2022-09-20,17816.25,263100.0
2022-09-21,17718.35,245500.0
2022-09-22,17629.8,284100.0
2022-09-23,17327.35,390800.0
2022-09-26,17016.3,492000.0
2022-09-27,17007.4,359900.0
2022-09-28,16858.6,323900.0
2022-09-29,16818.1,340000.0
2022-09-30,17094.35,376100.0
2022-10-03,16887.35,278400.0
2022-10-04,17274.3,226000.0
2022-10-06,17331.8,265500.0
2022-10-07,17314.65,216300.0
2022-10-10,17241.0,234000.0
2022-10-11,16983.55,282600.0
2022-10-12,17123.6,256000.0
2022-10-13,17014.35,266400.0
2022-10-14,17185.7,227000.0
2022-10-17,17311.8,212200.0
2022-10-18,17486.95,239500.0
2022-10-19,17512.25,210500.0
2022-10-20,17563.95,249600.0
2022-10-21,17576.3,277700.0
2022-10-24,17730.75,45000.0
2022-10-25,17656.35,251400.0
2022-10-27,17736.95,324600.0
2022-10-28,17786.8,250000.0
2022-10-31,18012.2,227200.0
2022-11-01,18145.4,349900.0
2022-11-02,18082.85,270900.0
2022-11-03,18052.7,213000.0
2022-11-04,18117.15,267900.0
2022-11-07,18202.8,314800.0
2022-11-09,18157.0,307200.0
2022-11-10,18028.2,256500.0
2022-11-11,18349.7,378500.0
2022-11-14,18329.15,301400.0
2022-11-15,18403.4,250900.0
2022-11-16,18409.65,219300.0
2022-11-17,18343.9,200500.0
2022-11-18,18307.65,198800.0
2022-11-21,18159.95,213800.0
2022-11-22,18244.2,177700.0
2022-11-23,18267.25,178800.0
2022-11-24,18484.1,204000.0
2022-11-25,18512.75,205900.0
2022-11-28,18562.75,206500.0
2022-11-29,18618.05,195300.0
2022-11-30,18758.35,345600.0
2022-12-01,18812.5,325000.0
2022-12-02,18696.1,254400.0
2022-12-05,18701.05,288400.0
2022-12-06,18642.75,217800.0
2022-12-07,18560.5,200500.0
2022-12-08,18609.35,202800.0
2022-12-09,18496.6,215800.0
2022-12-12,18497.15,193900.0
2022-12-13,18608.0,187600.0
2022-12-14,18660.3,208000.0
2022-12-15,18414.9,183100.0
2022-12-16,18269.0,277700.0
2022-12-19,18420.45,154800.0
2022-12-20,18385.3,169000.0
2022-12-21,18199.1,187600.0
2022-12-22,18127.35,195700.0
2022-12-23,17806.8,221500.0
2022-12-26,18014.6,176700.0
2022-12-27,18132.3,214300.0
2022-12-28,18122.5,193900.0
2022-12-29,18191.0,281100.0
2022-12-30,18105.3,192000.0
2023-01-02,18197.45,256100.0
2023-01-03,18232.55,208700.0
2023-01-04,18042.95,235200.0
2023-01-05,17992.15,269900.0
2023-01-06,17859.45,238200.0
2023-01-09,18101.2,257200.0
2023-01-10,17914.15,283300.0
2023-01-11,17895.7,259900.0
2023-01-12,17858.2,227800.0
2023-01-13,17956.6,256700.0
2023-01-16,17894.85,206200.0
2023-01-17,18053.3,219100.0
2023-01-18,18165.35,255800.0
2023-01-19,18107.85,237800.0
2023-01-20,18027.65,237200.0
2023-01-23,18118.55,202500.0
2023-01-24,18118.3,216900.0
2023-01-25,17891.95,257200.0
2023-01-27,17604.35,476300.0
2023-01-30,17648.95,432400.0
2023-01-31,17662.15,398300.0
2023-02-01,17616.3,512900.0
2023-02-02,17610.4,490100.0
2023-02-03,17854.05,424100.0
2023-02-06,17764.6,282500.0
2023-02-07,17721.5,354400.0
2023-02-08,17871.7,291000.0
2023-02-09,17893.45,260900.0
2023-02-10,17856.5,232000.0
2023-02-13,17770.9,231300.0
2023-02-14,17929.85,244500.0
2023-02-15,18015.85,229300.0
2023-02-16,18035.85,230200.0
2023-02-17,17944.2,208100.0
2023-02-20,17844.6,174600.0
2023-02-21,17826.7,198200.0
2023-02-22,17554.3,204000.0
2023-02-23,17511.25,240800.0
2023-02-24,17465.8,209400.0
2023-02-27,17392.7,246400.0
2023-02-28,17303.95,420900.0
2023-03-01,17450.9,272900.0
2023-03-02,17321.9,310700.0
2023-03-03,17594.35,356200.0
2023-03-06,17711.45,362800.0
2023-03-08,17754.4,267000.0
2023-03-09,17589.6,262400.0
2023-03-10,17412.9,235900.0
2023-03-13,17154.3,254900.0
2023-03-14,17043.3,290600.0
2023-03-15,16972.15,248200.0
2023-03-16,16985.6,349800.0
2023-03-17,17100.05,408100.0
2023-03-20,16988.4,241800.0
2023-03-21,17107.5,246700.0
2023-03-22,17151.9,
2023-03-23,17076.9,219200.0
2023-03-24,16945.05,228000.0
2023-03-27,16985.7,218400.0
2023-03-28,16951.7,238800.0
2023-03-29,17080.7,345900.0
2023-03-31,17359.75,263900.0
2023-04-03,17398.05,230200.0
2023-04-05,17557.05,248300.0
2023-04-06,17599.15,242700.0
2023-04-10,17624.05,254800.0
2023-04-11,17722.3,304300.0
2023-04-12,17812.4,232800.0
2023-04-13,17828.0,285800.0
2023-04-17,17706.85,357400.0
2023-04-18,17660.15,258900.0
2023-04-19,17618.75,281500.0
2023-04-20,17624.45,215100.0
2023-04-21,17624.05,230200.0
2023-04-24,17743.4,255700.0
2023-04-25,17769.25,297400.0
2023-04-26,17813.6,233000.0
2023-04-27,17915.05,241400.0
2023-04-28,18065.0,290300.0
2023-05-02,18147.65,265200.0
2023-05-03,18089.85,226200.0
2023-05-04,18255.8,226600.0
2023-05-05,18069.0,239700.0
2023-05-08,18264.4,228400.0
2023-05-09,18265.95,245400.0
2023-05-10,18315.1,220500.0
2023-05-11,18297.0,248900.0
2023-05-12,18314.8,241700.0
2023-05-15,18398.85,216100.0
2023-05-16,18286.5,219500.0
2023-05-17,18181.75,229900.0
2023-05-18,18129.95,272100.0
2023-05-19,18203.4,260900.0
2023-05-22,18314.4,262600.0
2023-05-23,18348.0,270400.0
2023-05-24,18285.4,232600.0
2023-05-25,18321.15,235900.0
2023-05-26,18499.35,198700.0
2023-05-29,18598.65,265300.0
2023-05-30,18633.85,234400.0
2023-05-31,18534.4,696500.0
2023-06-01,18487.75,265600.0
2023-06-02,18534.1,270900.0
2023-06-05,18593.85,256100.0
2023-06-06,18599.0,220800.0
2023-06-07,18726.4,260100.0
2023-06-08,18634.55,286500.0
2023-06-09,18563.4,221800.0
2023-06-12,18601.5,179500.0
2023-06-13,18716.15,233200.0
2023-06-14,18755.9,261400.0
2023-06-15,18688.1,263000.0
2023-06-16,18826.0,272800.0
2023-06-19,18755.45,219800.0
2023-06-20,18816.7,211600.0
2023-06-21,18856.85,217500.0
2023-06-22,18771.25,252700.0
2023-06-23,18665.5,210600.0
2023-06-26,18691.2,171300.0
2023-06-27,18817.4,222500.0
2023-06-28,18972.1,398800.0
2023-06-30,19189.05,247900.0
2023-07-03,19322.55,226100.0
2023-07-04,19389.0,226900.0
2023-07-05,19398.5,224400.0
2023-07-06,19497.3,268300.0
2023-07-07,19331.8,237100.0
2023-07-10,19355.9,268200.0
2023-07-11,19439.4,251300.0
2023-07-12,19384.3,327900.0
2023-07-13,19413.75,310400.0
2023-07-14,19564.5,291200.0
2023-07-17,19711.45,268700.0
2023-07-18,19749.25,286400.0
2023-07-19,19833.15,259700.0
2023-07-20,19979.15,274700.0
2023-07-21,19745.0,312500.0
2023-07-24,19672.35,265600.0
2023-07-25,19680.6,369700.0
2023-07-26,19778.3,244700.0
2023-07-27,19659.9,334900.0
2023-07-28,19646.05,258700.0
2023-07-31,19753.8,295100.0
2023-08-01,19733.55,298000.0
2023-08-02,19526.55,290700.0
2023-08-03,19381.65,315700.0
2023-08-04,19517.0,280800.0
2023-08-07,19597.3,216600.0
2023-08-08,19570.85,260300.0
2023-08-09,19632.55,266500.0
2023-08-10,19543.1,312200.0
2023-08-11,19428.3,235500.0
2023-08-14,19434.55,243900.0
2023-08-16,19465.0,
2023-08-17,19365.25,268700.0
2023-08-18,19310.15,256100.0
2023-08-21,19393.6,262600.0
2023-08-22,19396.45,208700.0
2023-08-23,19444.0,225200.0
2023-08-24,19386.7,268300.0
2023-08-25,19265.8,466500.0
2023-08-28,19306.05,248200.0
2023-08-29,19342.65,307400.0
2023-08-30,19347.45,233000.0
2023-08-31,19253.8,562600.0
2023-09-01,19435.3,333000.0
2023-09-04,19528.8,296800.0
2023-09-05,19574.9,256800.0
2023-09-06,19611.05,287600.0
2023-09-07,19727.05,304900.0
2023-09-08,19819.95,288100.0
2023-09-11,19996.35,248800.0
2023-09-12,19993.2,328100.0
2023-09-13,20070.0,251400.0
2023-09-14,20103.1,275100.0
2023-09-15,20192.35,438200.0
2023-09-18,20133.3,264900.0
2023-09-20,19901.4,378100.0
2023-09-21,19742.35,275100.0
2023-09-22,19674.25,246400.0
2023-09-25,19674.55,188400.0
2023-09-26,19664.7,204900.0
2023-09-27,19716.45,203600.0
2023-09-28,19523.55,352800.0
2023-09-29,19638.3,243500.0
2023-10-03,19528.75,221700.0
2023-10-04,19436.1,277100.0
2023-10-05,19545.75,234900.0
2023-10-06,19653.5,159100.0
2023-10-09,19512.35,165100.0
2023-10-10,19689.85,216600.0
2023-10-11,19811.35,213700.0
2023-10-12,19794.0,217900.0
2023-10-13,19751.05,255000.0
2023-10-16,19731.75,181000.0
2023-10-17,19811.5,185800.0
2023-10-18,19671.1,198900.0
2023-10-19,19624.7,230300.0
2023-10-20,19542.65,198300.0
2023-10-23,19281.75,176000.0
2023-10-25,19122.15,225300.0
2023-10-26,18857.25,300400.0
2023-10-27,19047.25,205200.0
2023-10-30,19140.9,180100.0
2023-10-31,19079.6,206000.0
2023-11-01,18989.15,194100.0
2023-11-02,19133.25,245600.0
2023-11-03,19230.6,189500.0
2023-11-06,19411.75,180700.0
2023-11-07,19406.7,198700.0
2023-11-08,19443.5,195000.0
2023-11-09,19395.3,208400.0
2023-11-10,19425.35,152200.0
2023-11-13,19443.55,189300.0
2023-11-15,19675.45,291500.0
2023-11-16,19765.2,282700.0
2023-11-17,19731.8,236800.0
2023-11-20,19694.0,173800.0
2023-11-21,19783.4,195000.0
2023-11-22,19811.85,184500.0
2023-11-23,19802.0,170000.0
2023-11-24,19794.7,145900.0
2023-11-28,19889.7,229600.0
2023-11-29,20096.6,236200.0
2023-11-30,20133.15,486600.0
2023-12-01,20267.9,265800.0
2023-12-04,20686.8,381100.0
2023-12-05,20855.1,421000.0
2023-12-06,20937.7,359200.0
2023-12-07,20901.15,275000.0
2023-12-08,20969.4,292400.0
2023-12-11,20997.1,212900.0
2023-12-12,20906.4,244900.0
2023-12-13,20926.35,260300.0
2023-12-14,21182.7,334400.0
2023-12-15,21456.65,508800.0
2023-12-18,21418.65,249700.0
2023-12-19,21453.1,249800.0
2023-12-20,21150.15,363900.0
2023-12-21,21255.05,277500.0
2023-12-22,21349.4,284700.0
2023-12-26,21441.35,219500.0
2023-12-27,21654.75,256500.0
2023-12-28,21778.7,393100.0
2023-12-29,21731.4,270900.0
2024-01-01,21741.9,154000.0
2024-01-02,21665.8,263700.0
2024-01-03,21517.35,311900.0
2024-01-04,21658.6,339200.0
2024-01-05,21710.8,309300.0
2024-01-08,21513.0,231500.0
2024-01-09,21544.85,228600.0
2024-01-10,21618.7,217000.0
2024-01-11,21647.2,212500.0
2024-01-12,21894.55,294700.0
2024-01-15,22097.45,345500.0
2024-01-16,22032.3,292400.0
2024-01-17,21571.95,456000.0
2024-01-18,21462.25,387300.0
2024-01-19,21622.4,343100.0
2024-01-23,21238.8,449700.0
2024-01-24,21453.95,407500.0
2024-01-25,21352.6,418100.0
2024-01-29,21737.6,376700.0
2024-01-30,21522.1,375100.0
2024-01-31,21725.7,410600.0
2024-02-01,21697.45,332500.0
2024-02-02,21853.8,442800.0
2024-02-05,21771.7,440800.0
2024-02-06,21929.4,371000.0
2024-02-07,21930.5,346300.0
2024-02-08,21717.95,491100.0
2024-02-09,21782.5,349200.0
2024-02-12,21616.05,287400.0
2024-02-13,21743.25,365800.0
2024-02-14,21840.05,359100.0
2024-02-15,21910.75,345400.0
2024-02-16,22040.7,343900.0
2024-02-19,22122.25,
2024-02-20,22196.95,295700.0
2024-02-21,22055.05,364500.0
2024-02-22,22217.45,343500.0
2024-02-23,22212.7,226000.0
2024-02-26,22122.05,207800.0
2024-02-27,22198.35,252200.0
2024-02-28,21951.15,203000.0
2024-02-29,21982.8,360200.0
2024-03-01,22338.75,351500.0
2024-03-04,22405.6,298800.0
2024-03-05,22356.3,296200.0
2024-03-06,22474.05,312300.0
2024-03-07,22493.55,379900.0
2024-03-11,22332.65,277900.0
2024-03-12,22335.7,299200.0
2024-03-13,21997.7,493300.0
2024-03-14,22146.65,426700.0
2024-03-15,22023.35,661500.0
2024-03-18,22055.7,356300.0
2024-03-19,21817.45,344200.0
2024-03-20,21839.1,312400.0
2024-03-21,22011.95,353200.0
2024-03-22,22096.75,388700.0
2024-03-26,22004.7,328400.0
2024-03-27,22123.65,409100.0
2024-03-28,22326.9,410500.0
2024-04-01,22462.0,
2024-04-02,22453.3,289500.0
2024-04-03,22434.65,309600.0
2024-04-04,22514.65,401000.0
2024-04-05,22513.7,242200.0
2024-04-08,22666.3,227600.0
2024-04-09,22642.75,232400.0
2024-04-10,22753.8,276800.0
2024-04-12,22519.4,357200.0
2024-04-15,22272.5,355500.0
2024-04-16,22147.9,317300.0
2024-04-18,21995.85,456900.0
2024-04-19,22147.0,362500.0
2024-04-22,22336.4,279300.0
2024-04-23,22368.0,231500.0
2024-04-24,22402.4,235900.0
2024-04-25,22570.35,475000.0
2024-04-26,22419.95,329900.0
2024-04-29,22643.4,292000.0
2024-04-30,22604.85,361900.0
2024-05-02,22648.2,445900.0
2024-05-03,22475.85,438100.0
2024-05-06,22442.7,320300.0
2024-05-07,22302.5,297800.0
2024-05-08,22302.5,277400.0
2024-05-09,21957.5,331300.0
2024-05-10,22055.2,265800.0
2024-05-13,22104.05,278200.0
2024-05-14,22217.85,230200.0
2024-05-15,22200.55,231900.0
2024-05-16,22403.85,368900.0
2024-05-17,22466.1,242700.0
2024-05-21,22529.05,347600.0
2024-05-22,22597.8,290300.0
2024-05-23,22967.65,369800.0
2024-05-24,22957.1,261900.0
2024-05-27,22932.45,260000.0
2024-05-28,22888.15,217900.0
2024-05-29,22704.7,269900.0
2024-05-30,22488.65,373400.0
2024-05-31,22530.7,572100.0
2024-06-03,23263.9,569400.0
2024-06-04,21884.5,1006100.0
2024-06-05,22620.35,638500.0
2024-06-06,22821.4,480400.0
2024-06-07,23290.15,473600.0
2024-06-10,23259.2,304400.0
2024-06-11,23264.85,305200.0
2024-06-12,23322.95,295600.0
2024-06-13,23398.9,268300.0
2024-06-14,23465.6,223100.0
2024-06-18,23557.9,272200.0
2024-06-19,23516.0,328800.0
2024-06-20,23567.0,280300.0
2024-06-21,23501.1,609900.0
2024-06-24,23537.85,239400.0
2024-06-25,23721.3,298100.0
2024-06-26,23868.8,287800.0
2024-06-27,24044.5,515200.0
2024-06-28,24010.6,354800.0
2024-07-01,24141.95,
2024-07-02,24123.85,
2024-07-03,24286.5,
2024-07-04,24302.15,251200.0
2024-07-05,24323.85,298400.0
2024-07-08,24320.55,266300.0
2024-07-09,24433.2,250500.0
2024-07-10,24324.45,292300.0
2024-07-11,24315.95,306400.0
2024-07-12,24502.15,325800.0
2024-07-15,24586.7,305400.0
2024-07-16,24613.0,283200.0
2024-07-18,24800.85,350900.0
2024-07-19,24530.9,343800.0
2024-07-22,24509.25,324200.0
2024-07-23,24479.05,436400.0
2024-07-24,24413.5,366600.0
2024-07-25,24406.1,391800.0
2024-07-26,24834.85,383800.0
2024-07-29,24836.1,355000.0
2024-07-30,24857.3,385000.0
2024-07-31,24951.15,333600.0
2024-08-01,25010.9,431300.0
2024-08-02,24717.7,345000.0
2024-08-05,24055.6,487000.0
2024-08-06,23992.55,312300.0
2024-08-07,24297.5,317600.0
2024-08-08,24117.0,311900.0
2024-08-09,24367.5,215100.0
2024-08-12,24347.0,279900.0
2024-08-13,24139.0,239700.0
2024-08-14,24143.75,303300.0
2024-08-16,24541.15,271600.0
2024-08-19,24572.65,243600.0
2024-08-20,24698.85,238300.0
2024-08-21,24770.2,257100.0
2024-08-22,24811.5,220300.0
2024-08-23,24823.15,206800.0
2024-08-26,25010.6,210300.0
2024-08-27,25017.75,223300.0
2024-08-28,25052.35,220400.0
2024-08-29,25151.95,354000.0
2024-08-30,25235.9,638200.0
2024-09-02,25278.7,222800.0
2024-09-03,25279.85,212100.0
2024-09-04,25198.7,253800.0
2024-09-05,25145.1,222200.0
2024-09-06,24852.15,311700.0
2024-09-09,24936.4,254400.0
2024-09-10,25041.1,251300.0
2024-09-11,24918.45,279200.0
2024-09-12,25388.9,380100.0
2024-09-13,25356.5,250800.0
2024-09-16,25383.75,168700.0
2024-09-17,25418.55,216000.0
2024-09-18,25377.55,215700.0
2024-09-19,25415.8,314500.0
2024-09-20,25790.95,533100.0
2024-09-23,25939.05,209200.0
2024-09-24,25940.4,384100.0
2024-09-25,26004.15,278500.0
2024-09-26,26216.05,370900.0
2024-09-27,26178.95,490300.0
2024-09-30,25810.85,343100.0
2024-10-01,25796.9,247400.0
2024-10-03,25250.1,423400.0
2024-10-04,25014.6,374900.0
2024-10-07,24795.75,374300.0
2024-10-08,25013.15,333200.0
2024-10-09,24981.95,290600.0
2024-10-10,24998.45,261400.0
2024-10-11,24964.25,210500.0
2024-10-14,25127.95,206400.0
2024-10-15,25057.35,257200.0
2024-10-16,24971.3,226800.0
2024-10-17,24749.85,252800.0
2024-10-18,24854.05,290900.0
2024-10-21,24781.1,242000.0
2024-10-22,24472.1,279500.0
2024-10-23,24435.5,284600.0
2024-10-24,24399.4,216700.0
2024-10-25,24180.8,372600.0
2024-10-28,24339.15,278600.0
2024-10-29,24466.85,332000.0
2024-10-30,24340.85,285200.0
2024-10-31,24205.35,287000.0
2024-11-01,24304.35,38800.0
2024-11-04,23995.35,285500.0
2024-11-05,24213.3,289500.0
2024-11-06,24484.05,351100.0
2024-11-07,24199.35,322200.0
2024-11-08,24148.2,298700.0
2024-11-11,24141.3,273400.0
2024-11-12,23883.45,255800.0
2024-11-13,23559.05,304600.0
2024-11-14,23532.7,257700.0
2024-11-18,23453.8,263300.0
2024-11-19,23518.5,297500.0
2024-11-21,23349.9,420300.0
2024-11-22,23907.25,367600.0
2024-11-25,24221.9,687200.0
2024-11-26,24194.5,230700.0
2024-11-27,24274.9,295000.0
2024-11-28,23914.15,366700.0
2024-11-29,24131.1,282100.0
2024-12-02,24276.05,220400.0
2024-12-03,24457.15,339500.0
2024-12-04,24467.45,348000.0
2024-12-05,24708.4,361500.0
2024-12-06,24677.8,226700.0
2024-12-09,24619.0,248100.0
2024-12-10,24610.05,261000.0
2024-12-11,24641.8,187300.0
2024-12-12,24548.7,266100.0
2024-12-13,24768.3,310100.0
2024-12-16,24668.25,187600.0
2024-12-17,24336.0,264900.0
2024-12-18,24198.85,235300.0
2024-12-19,23951.7,271100.0
2024-12-20,23587.5,442700.0
2024-12-23,23753.45,189800.0
2024-12-24,23727.65,177700.0
2024-12-26,23750.2,177700.0
2024-12-27,23813.4,176800.0
2024-12-30,23644.9,364900.0
2024-12-31,23644.8,193600.0
2025-01-01,23742.9,154900.0
2025-01-02,24188.65,283200.0
2025-01-03,24004.75,312300.0
2025-01-06,23616.05,278100.0
2025-01-07,23707.9,262300.0
2025-01-08,23688.95,266400.0
2025-01-09,23526.5,269200.0
2025-01-10,23431.5,261000.0
2025-01-13,23085.95,316500.0
2025-01-14,23176.05,311200.0
2025-01-15,23213.2,228000.0
2025-01-16,23311.8,299400.0
2025-01-17,23203.2,272900.0
2025-01-20,23344.75,301500.0
2025-01-21,23024.65,312900.0
2025-01-22,23155.35,276000.0
2025-01-23,23205.35,275600.0
2025-01-24,23092.2,264300.0
2025-01-27,22829.15,257400.0
2025-01-28,22957.25,361900.0
2025-01-29,23163.1,226300.0
2025-01-30,23249.5,361900.0
2025-01-31,23508.4,304900.0
2025-02-01,23482.15,281000.0
2025-02-03,23361.05,329700.0
2025-02-04,23739.25,376700.0
2025-02-05,23696.3,267000.0
2025-02-06,23603.35,307000.0
2025-02-07,23559.95,368100.0
2025-02-10,23381.6,234200.0
2025-02-11,23071.8,268000.0
2025-02-12,23045.25,279700.0
2025-02-13,23031.4,265700.0
2025-02-14,22929.25,254500.0
2025-02-17,22959.5,207400.0
2025-02-18,22945.3,210600.0
2025-02-19,22932.9,207000.0
2025-02-20,22913.15,240800.0
2025-02-21,22795.9,242800.0
2025-02-24,22553.35,214300.0
2025-02-25,22547.55,250300.0
2025-02-27,22545.05,289200.0
2025-02-28,22124.7,551300.0
2025-03-03,22119.3,282400.0
2025-03-04,22082.65,253300.0
2025-03-05,22337.3,305900.0
2025-03-06,22544.7,372100.0
2025-03-07,22552.5,289800.0
2025-03-10,22460.3,293900.0
2025-03-11,22497.9,347900.0
2025-03-12,22470.5,369700.0
2025-03-13,22397.2,287500.0
2025-03-17,22508.75,251100.0
2025-03-18,22834.3,272600.0
2025-03-19,22907.6,324000.0
2025-03-20,23190.65,313700.0
2025-03-21,23350.4,541000.0
2025-03-24,23658.35,311900.0
2025-03-25,23668.65,338200.0
2025-03-26,23486.85,278600.0
2025-03-27,23591.95,510300.0
2025-03-28,23519.35,295400.0
2025-04-01,23165.7,314300.0
2025-04-02,23332.35,341000.0
2025-04-03,23250.1,283200.0
2025-04-04,22904.45,466800.0
2025-04-07,22161.6,647100.0
2025-04-08,22535.85,468300.0
2025-04-09,22399.15,383800.0
2025-04-11,22828.55,402200.0
2025-04-15,23328.55,388300.0
2025-04-16,23437.2,348400.0
2025-04-17,23851.65,505300.0
2025-04-21,24125.55,406100.0
2025-04-22,24167.25,440900.0
2025-04-23,24328.95,415000.0
2025-04-24,24246.7,358800.0
2025-04-25,24039.35,387700.0
2025-04-28,24328.5,320500.0
2025-04-29,24335.95,357600.0
2025-04-30,24334.2,424500.0
2025-05-02,24346.7,421100.0
2025-05-05,24461.15,291500.0
2025-05-06,24379.6,302400.0
2025-05-07,24414.4,330100.0
2025-05-08,24273.8,411400.0
2025-05-09,24008.0,335600.0
2025-05-12,24924.7,368700.0
2025-05-13,24578.35,423000.0
2025-05-14,24666.9,345500.0
2025-05-15,25062.1,500800.0
2025-05-16,25019.8,432700.0
2025-05-19,24945.45,255300.0
2025-05-20,24683.9,414800.0
2025-05-21,24813.45,332700.0
2025-05-22,24609.7,403300.0
2025-05-23,24853.15,270500.0
2025-05-26,25001.15,302800.0
2025-05-27,24826.2,525700.0
2025-05-28,24752.45,684400.0
2025-05-29,24833.6,345400.0
2025-05-30,24750.7,853900.0
2025-06-02,24716.6,311100.0
2025-06-03,24542.5,349300.0
2025-06-04,24620.2,280900.0
2025-06-05,24750.9,388400.0
2025-06-06,25003.05,335600.0
2025-06-09,25103.2,279200.0
2025-06-10,25104.25,307300.0
2025-06-11,25141.4,301200.0
2025-06-12,24888.2,328300.0
2025-06-13,24718.6,318700.0
2025-06-16,24946.5,305800.0
2025-06-17,24853.4,242400.0
2025-06-18,24812.05,237600.0
2025-06-19,24793.25,274600.0
2025-06-20,25112.4,574700.0
2025-06-23,24971.9,248500.0
2025-06-24,25044.35,450200.0
2025-06-25,25244.75,260600.0
2025-06-26,25549.0,428900.0
2025-06-27,25637.8,564000.0
2025-06-30,25517.05,271000.0
2025-07-01,25541.8,260700.0
2025-07-02,25453.4,309800.0
2025-07-03,25405.3,293400.0
2025-07-04,25461.0,193500.0
2025-07-07,25461.3,196100.0
2025-07-08,25522.5,210400.0
2025-07-09,25476.1,239100.0
2025-07-10,25355.25,219600.0
2025-07-11,25149.85,250000.0
2025-07-14,25082.3,259500.0
2025-07-15,25195.8,241300.0
2025-07-16,25212.05,228800.0
2025-07-17,25111.45,243400.0
2025-07-18,24968.4,317000.0
2025-07-21,25090.7,305200.0
2025-07-22,25060.9,483700.0
2025-07-23,25219.9,271500.0
2025-07-24,25062.1,338700.0
2025-07-25,24837.0,278100.0
2025-07-28,24680.9,262100.0
2025-07-29,24821.1,284700.0
2025-07-30,24855.05,243900.0
2025-07-31,24768.35,346300.0
2025-08-01,24565.35,263400.0
2025-08-04,24722.75,259300.0
2025-08-05,24649.55,251800.0
2025-08-06,24574.2,225100.0
2025-08-07,24596.15,616700.0
2025-08-08,24363.3,312600.0
2025-08-11,24585.05,241100.0
2025-08-12,24487.4,237000.0
2025-08-13,24619.35,236000.0
2025-08-14,24631.3,270200.0
2025-08-18,24876.95,363100.0
2025-08-19,24980.65,252300.0
2025-08-20,25050.55,287100.0
2025-08-21,25083.75,226500.0
2025-08-22,24870.1,210200.0
2025-08-25,24967.75,213000.0
2025-08-26,24712.05,750500.0
2025-08-28,24500.9,326600.0
2025-08-29,24426.85,325500.0
2025-09-01,24625.05,229300.0
2025-09-02,24579.6,271600.0
2025-09-03,24715.05,340300.0
2025-09-04,24734.3,314100.0
2025-09-05,24741.0,210100.0
2025-09-08,24773.15,213200.0
2025-09-09,24868.6,226900.0
2025-09-10,24973.1,244100.0
2025-09-11,25005.5,224600.0
2025-09-12,25114.0,225700.0
2025-09-15,25069.2,185400.0
2025-09-16,25239.1,240100.0
2025-09-17,25330.25,268900.0
2025-09-18,25423.6,272200.0
2025-09-19,25327.05,380400.0
2025-09-22,25202.35,254500.0
2025-09-23,25169.5,299200.0
2025-09-24,25056.9,244400.0
2025-09-25,24890.85,342500.0
2025-09-26,24654.7,291500.0
2025-09-29,24634.9,394400.0
2025-09-30,24611.1,303000.0
2025-10-01,24836.3,308900.0
2025-10-03,24894.25,365900.0
2025-10-06,25077.65,268800.0
2025-10-07,25108.3,288000.0
2025-10-08,25046.15,227400.0
2025-10-09,25181.8,286300.0
2025-10-10,25285.35,232900.0
2025-10-13,25227.35,234300.0
2025-10-14,25145.5,292100.0
2025-10-15,25323.55,289900.0
2025-10-16,25585.3,372800.0
2025-10-17,25709.85,422100.0
2025-10-20,25843.15,301100.0
2025-10-21,25868.6,42500.0
2025-10-23,25891.4,448400.0
2025-10-24,25795.15,284900.0
2025-10-27,25966.05,266300.0
2025-10-28,25936.2,395200.0
2025-10-29,26053.9,321900.0
2025-10-30,25877.85,257400.0
2025-10-31,25722.1,334400.0
2025-11-03,25763.35,23300.0
2025-11-04,25597.65,305100.0
2025-11-06,25509.7,371900.0
2025-11-07,25492.3,305600.0
2025-11-10,25574.35,243600.0
2025-11-11,25694.95,297700.0
2025-11-12,25875.8,312600.0
2025-11-13,25879.15,385200.0
2025-11-14,25910.05,518900.0
2025-11-17,26013.45,281800.0
2025-11-18,25910.05,280000.0
2025-11-19,26052.65,250100.0
2025-11-20,26192.15,240400.0
2025-11-21,26068.15,235600.0
2025-11-24,25959.5,464700.0
2025-11-25,25884.8,260500.0
2025-11-26,26205.3,275300.0
2025-11-27,26215.55,240300.0
2025-11-28,26202.95,202500.0
2025-12-01,26175.75,213800.0
2025-12-02,26032.2,254800.0
2025-12-03,25986.0,265700.0
2025-12-04,26033.75,248100.0
2025-12-05,26186.45,249300.0
2025-12-08,25960.55,320700.0
2025-12-09,25839.65,276000.0
2025-12-10,25758.0,207900.0
2025-12-11,25898.55,206100.0
2025-12-12,26046.95,216300.0
2025-12-15,26027.3,181600.0
2025-12-16,25860.1,264400.0
2025-12-17,25818.55,206500.0
2025-12-18,25815.55,197600.0
2025-12-19,25966.4,382900.0
2025-12-22,26172.4,253000.0
2025-12-23,26177.15,216600.0
2025-12-24,26142.1,188800.0
2025-12-26,26042.3,142200.0
2025-12-29,25942.1,234300.0
2025-12-30,25938.85,396900.0
2025-12-31,26129.6,246300.0
2026-01-01,26146.55,425600.0
2026-01-02,26328.55,357500.0
2026-01-05,26250.3,338800.0
2026-01-06,26178.7,383000.0
2026-01-07,26140.75,338200.0
2026-01-08,25876.85,328500.0
2026-01-09,25683.3,348800.0
2026-01-12,25790.25,275800.0
2026-01-13,25732.3,339500.0
2026-01-14,25665.6,393100.0
2026-01-16,25694.35,434000.0
2026-01-19,25585.5,443100.0
2026-01-20,25232.5,409800.0
2026-01-21,25157.5,395600.0
2026-01-22,25289.9,486400.0
2026-01-23,25048.65,393900.0
2026-01-27,25175.4,618700.0
2026-01-28,25342.75,574900.0
2026-01-29,25418.9,582400.0
2026-01-30,25320.65,508400.0
2026-02-02,25088.4,449200.0
2026-02-03,25727.55,637300.0
2026-02-04,25776.0,429800.0
2026-02-05,25642.8,343800.0
2026-02-06,25693.7,375500.0
2026-02-09,25867.3,359400.0
2026-02-10,25935.15,460900.0
2026-02-11,25953.85,331400.0
2026-02-12,25807.2,419400.0
2026-02-13,25471.1,453500.0
2026-02-16,25682.75,275800.0
2026-02-17,25725.4,344100.0
2026-02-18,25819.35,310200.0
2026-02-19,25454.35,298200.0
2026-02-20,25571.25,296600.0
2026-02-23,25713.0,313700.0
2026-02-24,25424.65,439100.0
2026-02-25,25482.5,414200.0
2026-02-26,25496.55,405200.0
2026-02-27,25178.65,438900.0
2026-03-02,24865.7,519200.0
2026-03-04,24480.5,599000.0
2026-03-05,24765.9,504300.0
2026-03-06,24450.45,433400.0
2026-03-09,24028.05,526900.0
2026-03-10,24261.6,444300.0
2026-03-11,23866.85,407400.0
2026-03-12,23639.15,501000.0
2026-03-13,23151.1,519800.0
2026-03-16,23408.8,540300.0
2026-03-17,23581.15,458800.0
2026-03-18,23777.8,382900.0
2026-03-19,23002.15,550100.0
2026-03-20,23114.5,663300.0
2026-03-23,22512.65,550300.0
2026-03-24,22912.4,538100.0
2026-03-25,23306.45,505400.0
2026-03-27,22819.6,612600.0
2026-03-30,22331.4,698600.0
2026-04-01,22679.4,518000.0
2026-04-02,22713.1,495100.0
2026-04-06,22968.25,426400.0
2026-04-07,23123.65,477000.0
2026-04-08,23997.35,639300.0
2026-04-09,23775.1,466600.0
2026-04-10,24050.6,481300.0
2026-04-13,23842.65,488800.0
2026-04-15,24231.3,460300.0
2026-04-16,24196.75,508000.0
2026-04-17,24353.55,498600.0
2026-04-20,24364.85,415900.0
2026-04-21,24576.6,425800.0
2026-04-22,24378.1,440500.0
2026-04-23,24173.05,467500.0
2026-04-24,23897.95,438400.0
2026-04-27,24092.7,430300.0
2026-04-28,23995.7,554100.0
2026-04-29,24177.65,531100.0
2026-04-30,23997.55,505500.0
2026-05-04,24119.3,419100.0
2026-05-05,24032.8,363300.0
2026-05-06,24330.95,429200.0
2026-05-07,24326.65,440600.0
2026-05-08,24176.15,335900.0
2026-05-11,23815.85,390100.0
2026-05-12,23379.55,447500.0
2026-05-13,23412.6,415400.0
2026-05-14,23689.6,428700.0
2026-05-15,23643.5,408900.0
2026-05-18,23649.95,392000.0
2026-05-19,23618.0,442000.0
2026-05-20,23659.0,344100.0
2026-05-21,23654.7,348200.0
2026-05-22,23719.3,336100.0
2026-05-25,24031.7,351200.0
2026-05-26,23913.7,387900.0
2026-05-27,23907.15,531600.0
2026-05-29,23547.75,1198000.0
2026-06-01,23382.6,421700.0
2026-06-02,23483.55,511900.0
2026-06-03,23405.6,450100.0
2026-06-04,23416.55,412500.0
2026-06-05,23366.7,366200.0
2026-06-08,23123.0,375700.0
2026-06-09,23242.1,402600.0
2026-06-10,23214.95,380000.0
2026-06-11,23161.6,363000.0
2026-06-12,23622.9,351900.0
2026-06-15,23853.9,398900.0
2026-06-16,23989.15,327300.0
2026-06-17,24085.7,352700.0
2026-06-18,24168.0,340000.0
2026-06-19,24013.1,447900.0
2026-06-22,24102.9,252800.0
2026-06-23,23824.1,340100.0
2026-06-24,24021.65,395600.0
2026-06-25,24056.0,448800.0
2026-06-29,23946.25,588500.0
2026-06-30,23865.75,449000.0
2026-07-01,24005.85,352100.0
2026-07-02,24175.7,372900.0
2026-07-03,24270.85,326600.0
2026-07-06,24430.35,329400.0
2026-07-07,24398.7,412600.0
2026-07-08,23882.05,420500.0
2026-07-09,23962.8,384800.0
2026-07-10,24206.9,313100.0
2026-07-13,24211.0,322700.0
2026-07-14,24052.05,355800.0
2026-07-15,24078.5,306900.0
2026-07-16,24072.75,264300.0
2026-07-17,24334.3,387800.0
2026-07-20,24238.5,353100.0
2026-07-21,24187.7,315600.0
2026-07-22,23996.25,304700.0
2026-07-23,23869.6,344000.0
2026-07-24,23767.45,333900.0
2026-07-27,23995.95,319400.0
2026-07-28,23985.35,437800.0
2026-07-29,24250.2,424200.0
2026-07-30,24317.15,400600.0
2026-07-31,24383.6,411700.0
2026-08-03,24774.3,342300.0
2026-08-04,24614.9,296500.0
2026-08-05,24624.65,355500.0
2026-08-06,24636.0,344000.0
2026-08-07,24570.65,254800.0
2026-08-10,24583.8,269500.0
2026-08-11,24471.7,271800.0
2026-08-12,24435.95,317600.0
2026-08-13,24395.85,295800.0
2026-08-14,24366.0,267700.0
2026-08-17,24287.65,225400.0
2026-08-18,24154.9,227000.0
2026-08-19,24078.3,238700.0
2026-08-20,24231.85,253900.0
2026-08-21,24252.0,259300.0
2026-08-24,24219.05,236300.0
2026-08-25,24334.55,239500.0
2026-08-26,24207.75,244800.0
2026-08-27,24090.85,323400.0
2026-08-28,24175.65,296100.0
2026-08-31,24080.4,710900.0
2026-09-01,24055.8,334200.0
2026-09-02,23914.45,318900.0
2026-09-03,23873.45,239100.0
2026-09-04,23897.7,231400.0
2026-09-07,23779.15,205900.0
2026-09-08,23635.1,230100.0
2026-09-09,23431.5,352900.0
2026-09-10,23477.8,253200.0
2026-09-11,23398.1,293000.0
2026-09-15,23118.6,338800.0
2026-09-16,23217.6,261600.0
2026-09-17,23270.6,259700.0
2026-09-18,23346.4,375300.0
2026-09-21,23414.3,213600.0
2026-09-22,23329.0,244100.0
2026-09-23,23446.8,237600.0
2026-09-24,23063.1,271700.0
2026-09-25,23140.5,242700.0
2026-09-28,22780.25,261500.0
