y,m,pe,basis
2016,9,23.4,standalone
2016,10,23.3,standalone
2016,11,21.6,standalone
2016,12,21.93,standalone
2017,1,22.9,standalone
2017,2,23.1,standalone
2017,3,23.3,standalone
2017,4,23.6,standalone
2017,5,24.4,standalone
2017,6,24.2,standalone
2017,7,25.7,standalone
2017,8,25.6,standalone
2017,9,25.4,standalone
2017,10,26.4,standalone
2017,11,26.2,standalone
2017,12,26.92,standalone
2018,1,27.5,standalone
2018,2,25.7,standalone
2018,3,24.7,standalone
2018,4,26.7,standalone
2018,5,27.2,standalone
2018,6,25.9,standalone
2018,7,28.2,standalone
2018,8,28.4,standalone
2018,9,26.4,standalone
2018,10,25.0,standalone
2018,11,26.3,standalone
2018,12,26.17,standalone
2019,1,26.3,standalone
2019,2,26.3,standalone
2019,3,29.0,standalone
2019,4,29.3,standalone
2019,5,29.5,standalone
2019,6,29.0,standalone
2019,7,27.4,standalone
2019,8,27.3,standalone
2019,9,26.4,standalone
2019,10,27.4,standalone
2019,11,28.1,standalone
2019,12,28.3,standalone
2020,1,26.4,standalone
2020,2,25.5,standalone
2020,3,19.4,standalone
2020,4,22.4,standalone
2020,5,22.4,standalone
2020,6,26.3,standalone
2020,7,30.2,standalone
2020,8,32.3,standalone
2020,9,32.7,standalone
2020,10,31.9,standalone
2020,11,35.7,standalone
2020,12,38.45,standalone
2021,1,36.6,standalone
2021,2,39.6,standalone
2021,3,33.2,consolidated
2021,4,32.2,consolidated
2021,5,29.2,consolidated
2021,6,28.3,consolidated
2021,7,27.0,consolidated
2021,8,26.3,consolidated
2021,9,27.0,consolidated
2021,10,25.7,consolidated
2021,11,23.4,consolidated
2021,12,24.11,consolidated
2022,1,23.4,consolidated
2022,2,21.6,consolidated
2022,3,22.9,consolidated
2022,4,22.0,consolidated
2022,5,20.4,consolidated
2022,6,19.5,consolidated
2022,7,20.7,consolidated
2022,8,21.2,consolidated
2022,9,20.6,consolidated
2022,10,21.4,consolidated
2022,11,22.5,consolidated
2022,12,21.79,consolidated
2023,1,20.7,consolidated
2023,2,20.4,consolidated
2023,3,20.4,consolidated
2023,4,20.9,consolidated
2023,5,21.6,consolidated
2023,6,22.4,consolidated
2023,7,23.0,consolidated
2023,8,22.0,consolidated
2023,9,22.2,consolidated
2023,10,20.4,consolidated
2023,11,21.5,consolidated
2023,12,23.17,consolidated
2024,1,22.5,consolidated
2024,2,22.7,consolidated
2024,3,22.9,consolidated
2024,4,22.0,consolidated
2024,5,21.4,consolidated
2024,6,22.9,consolidated
2024,7,23.4,consolidated
2024,8,23.5,consolidated
2024,9,24.3,consolidated
2024,10,22.6,consolidated
2024,11,22.2,consolidated
2024,12,21.79,consolidated
2025,1,21.3,consolidated
2025,2,19.7,consolidated
2025,3,21.4,consolidated
2025,4,21.9,consolidated
2025,5,22.3,consolidated
2025,6,23.0,consolidated
2025,7,21.9,consolidated
2025,8,21.5,consolidated
2025,9,21.8,consolidated
2025,10,22.6,consolidated
2025,11,22.8,consolidated
2025,12,22.75,consolidated
2026,1,22.0,consolidated
2026,2,22.0,consolidated
2026,3,19.6,consolidated
2026,4,20.9,consolidated
2026,5,20.3,consolidated
2026,6,20.6,consolidated
2026,7,20.7,consolidated
2026,8,20.4,consolidated
2026,9,19.7,consolidated
